WAFER_ID,n_stable_segment,b_stable,b_stable_update
-4230160598,5,"[0, 18, 18, 138, 138, 158, 158, 169, 169, 187]","[0, 18, 138, 158, 169, 187]"
-4230160428,5,"[0, 17, 17, 138, 138, 158, 158, 170, 170, 187]","[0, 17, 138, 158, 170, 187]"
-4230160424,5,"[0, 18, 18, 140, 140, 160, 160, 171, 171, 188]","[0, 18, 140, 160, 171, 188]"
-4230160408,5,"[0, 18, 18, 138, 138, 159, 159, 170, 170, 187]","[0, 18, 138, 159, 170, 187]"
-4228160702,5,"[0, 18, 18, 142, 142, 162, 162, 172, 172, 189]","[0, 18, 142, 162, 172, 189]"
-4228160690,5,"[0, 17, 17, 141, 141, 162, 162, 173, 173, 190]","[0, 17, 141, 162, 173, 190]"
-4228160686,5,"[0, 20, 20, 144, 144, 165, 165, 176, 176, 193]","[0, 20, 144, 165, 176, 193]"
-4228160682,5,"[0, 19, 19, 146, 146, 166, 166, 176, 176, 193]","[0, 19, 146, 166, 176, 193]"
-4228160678,5,"[0, 16, 16, 142, 142, 163, 163, 173, 173, 192]","[0, 16, 142, 163, 173, 192]"
-4228160670,5,"[0, 17, 17, 139, 139, 159, 159, 169, 169, 186]","[0, 17, 139, 159, 169, 186]"
-4228160662,5,"[0, 17, 17, 140, 140, 161, 161, 171, 171, 189]","[0, 17, 140, 161, 171, 189]"
-4228160658,5,"[0, 9, 9, 133, 133, 153, 153, 163, 163, 181]","[0, 9, 133, 153, 163, 181]"
-4228160642,5,"[0, 20, 20, 140, 140, 161, 161, 172, 172, 189]","[0, 20, 140, 161, 172, 189]"
-4228160604,5,"[0, 18, 18, 149, 149, 161, 161, 182, 182, 197]","[0, 18, 149, 161, 182, 197]"
-4228160600,5,"[0, 15, 15, 137, 137, 158, 158, 169, 169, 186]","[0, 15, 137, 158, 169, 186]"
-4228160596,5,"[0, 15, 15, 141, 141, 161, 161, 171, 171, 192]","[0, 15, 141, 161, 171, 192]"
-4228160580,5,"[0, 17, 17, 146, 146, 165, 165, 176, 176, 197]","[0, 17, 146, 165, 176, 197]"
-4226160424,5,"[0, 16, 16, 142, 142, 161, 161, 172, 172, 189]","[0, 16, 142, 161, 172, 189]"
-4226160416,5,"[0, 10, 10, 134, 134, 155, 155, 165, 165, 183]","[0, 10, 134, 155, 165, 183]"
-4226160396,5,"[0, 9, 9, 132, 132, 152, 152, 161, 161, 184]","[0, 9, 132, 152, 161, 184]"
-4224160694,5,"[0, 17, 17, 144, 144, 165, 165, 174, 174, 193]","[0, 17, 144, 165, 174, 193]"
-4224160690,5,"[0, 17, 17, 147, 147, 168, 168, 178, 178, 196]","[0, 17, 147, 168, 178, 196]"
-4224160662,5,"[0, 8, 8, 133, 133, 148, 148, 151, 151, 172]","[0, 8, 133, 148, 151, 172]"
-4224160654,5,"[0, 12, 12, 133, 133, 154, 154, 165, 165, 182]","[0, 12, 133, 154, 165, 182]"
-4224160650,5,"[0, 10, 10, 137, 137, 157, 157, 167, 167, 184]","[0, 10, 137, 157, 167, 184]"
-4224160646,5,"[0, 16, 16, 163, 163, 183, 183, 193, 193, 211]","[0, 16, 163, 183, 193, 211]"
-4224160600,5,"[0, 9, 9, 131, 131, 152, 152, 162, 162, 180]","[0, 9, 131, 152, 162, 180]"
-4222160448,5,"[0, 18, 18, 147, 147, 169, 169, 179, 179, 197]","[0, 18, 147, 169, 179, 197]"
-4222160428,5,"[0, 17, 17, 147, 147, 167, 167, 175, 175, 194]","[0, 17, 147, 167, 175, 194]"
-4222160420,5,"[0, 19, 19, 148, 148, 169, 169, 179, 179, 197]","[0, 19, 148, 169, 179, 197]"
-4222160392,5,"[0, 16, 16, 146, 146, 166, 166, 175, 175, 193]","[0, 16, 146, 166, 175, 193]"
-4220160702,5,"[0, 10, 10, 129, 129, 150, 150, 160, 160, 178]","[0, 10, 129, 150, 160, 178]"
-4220160694,5,"[0, 20, 20, 137, 137, 158, 158, 168, 168, 186]","[0, 20, 137, 158, 168, 186]"
-4220160674,5,"[0, 17, 17, 145, 145, 165, 165, 175, 175, 193]","[0, 17, 145, 165, 175, 193]"
-4220160650,5,"[0, 20, 20, 146, 146, 166, 166, 176, 176, 194]","[0, 20, 146, 166, 176, 194]"
-4220160646,5,"[0, 18, 18, 134, 134, 157, 157, 167, 167, 185]","[0, 18, 134, 157, 167, 185]"
-4220160604,5,"[0, 17, 17, 148, 148, 167, 167, 177, 177, 194]","[0, 17, 148, 167, 177, 194]"
-4216160702,5,"[0, 22, 22, 153, 153, 174, 174, 185, 185, 202]","[0, 22, 153, 174, 185, 202]"
-4216160694,5,"[0, 17, 17, 150, 150, 169, 169, 180, 180, 198]","[0, 17, 150, 169, 180, 198]"
-4216160670,5,"[0, 16, 16, 142, 142, 163, 163, 173, 173, 191]","[0, 16, 142, 163, 173, 191]"
-4216160666,5,"[0, 7, 7, 136, 136, 156, 156, 166, 166, 183]","[0, 7, 136, 156, 166, 183]"
-4216160662,5,"[0, 19, 19, 148, 148, 169, 169, 179, 179, 197]","[0, 19, 148, 169, 179, 197]"
-4216160658,5,"[0, 17, 17, 146, 146, 167, 167, 177, 177, 195]","[0, 17, 146, 167, 177, 195]"
-4216160650,5,"[0, 17, 17, 145, 145, 165, 165, 178, 178, 192]","[0, 17, 145, 165, 178, 192]"
-4216160642,5,"[0, 17, 17, 152, 152, 171, 171, 182, 182, 198]","[0, 17, 152, 171, 182, 198]"
-4216160640,5,"[0, 17, 17, 137, 137, 156, 156, 167, 167, 184]","[0, 17, 137, 156, 167, 184]"
-4216160624,5,"[0, 17, 17, 144, 144, 165, 165, 177, 177, 193]","[0, 17, 144, 165, 177, 193]"
-4210160444,5,"[0, 19, 19, 142, 142, 162, 162, 172, 172, 190]","[0, 19, 142, 162, 172, 190]"
-4208160362,5,"[0, 12, 12, 131, 131, 150, 150, 160, 160, 178]","[0, 12, 131, 150, 160, 178]"
-4141512120,5,"[0, 16, 16, 137, 137, 158, 158, 169, 169, 186]","[0, 16, 137, 158, 169, 186]"
-4141512096,5,"[0, 19, 19, 143, 143, 164, 164, 174, 174, 191]","[0, 19, 143, 164, 174, 191]"
-4141512072,5,"[0, 17, 17, 137, 137, 159, 159, 169, 169, 186]","[0, 17, 137, 159, 169, 186]"
-4139512004,5,"[0, 17, 17, 140, 140, 160, 160, 170, 170, 187]","[0, 17, 140, 160, 170, 187]"
-4139511866,5,"[0, 20, 20, 142, 142, 163, 163, 173, 173, 191]","[0, 20, 142, 163, 173, 191]"
-4139511854,5,"[0, 17, 17, 141, 141, 162, 162, 173, 173, 190]","[0, 17, 141, 162, 173, 190]"
-4139511850,5,"[0, 17, 17, 141, 141, 163, 163, 173, 173, 190]","[0, 17, 141, 163, 173, 190]"
-4139511842,5,"[0, 17, 17, 138, 138, 159, 159, 170, 170, 188]","[0, 17, 138, 159, 170, 188]"
-4139511826,5,"[0, 17, 17, 142, 142, 162, 162, 171, 171, 190]","[0, 17, 142, 162, 171, 190]"
-4113511826,5,"[0, 30, 30, 159, 159, 179, 179, 189, 189, 208]","[0, 30, 159, 179, 189, 208]"
-4113511818,5,"[0, 20, 20, 150, 150, 170, 170, 181, 181, 198]","[0, 20, 150, 170, 181, 198]"
-4113511814,5,"[0, 18, 18, 150, 150, 171, 171, 181, 181, 198]","[0, 18, 150, 171, 181, 198]"
-4113511808,5,"[0, 17, 17, 144, 144, 164, 164, 175, 175, 191]","[0, 17, 144, 164, 175, 191]"
-4113511796,5,"[0, 19, 19, 149, 149, 170, 170, 181, 181, 198]","[0, 19, 149, 170, 181, 198]"
-4113511792,5,"[0, 21, 21, 156, 156, 177, 177, 187, 187, 205]","[0, 21, 156, 177, 187, 205]"
-4113511780,5,"[0, 17, 17, 147, 147, 169, 169, 179, 179, 196]","[0, 17, 147, 169, 179, 196]"
-4113511756,5,"[0, 17, 17, 145, 145, 166, 166, 177, 177, 193]","[0, 17, 145, 166, 177, 193]"
-4113511752,5,"[0, 20, 20, 146, 146, 167, 167, 177, 177, 194]","[0, 20, 146, 167, 177, 194]"
-4113511748,5,"[0, 16, 16, 143, 143, 164, 164, 176, 176, 192]","[0, 16, 143, 164, 176, 192]"
-4111512062,5,"[0, 17, 17, 130, 130, 158, 158, 168, 168, 186]","[0, 17, 130, 158, 168, 186]"
-4111512058,5,"[0, 18, 18, 138, 138, 156, 156, 168, 168, 184]","[0, 18, 138, 156, 168, 184]"
-4111512050,5,"[0, 19, 19, 142, 142, 157, 157, 165, 165, 190]","[0, 19, 142, 157, 165, 190]"
-4111511824,5,"[0, 17, 17, 138, 138, 159, 159, 169, 169, 187]","[0, 17, 138, 159, 169, 187]"
-4111511820,5,"[0, 16, 16, 144, 144, 164, 164, 174, 174, 191]","[0, 16, 144, 164, 174, 191]"
-4111511816,5,"[0, 17, 17, 140, 140, 161, 161, 172, 172, 189]","[0, 17, 140, 161, 172, 189]"
-4045511828,5,"[0, 17, 17, 138, 138, 158, 158, 168, 168, 185]","[0, 17, 138, 158, 168, 185]"
-4045511812,5,"[0, 20, 20, 139, 139, 159, 159, 170, 170, 187]","[0, 20, 139, 159, 170, 187]"
-4043511808,5,"[0, 17, 17, 137, 137, 156, 156, 167, 167, 184]","[0, 17, 137, 156, 167, 184]"
-4043511796,5,"[0, 18, 18, 136, 136, 156, 156, 166, 166, 183]","[0, 18, 136, 156, 166, 183]"
-4043511570,5,"[0, 10, 10, 137, 137, 158, 158, 168, 168, 185]","[0, 10, 137, 158, 168, 185]"
-4041511872,5,"[0, 16, 16, 128, 128, 149, 149, 159, 159, 174]","[0, 16, 128, 149, 159, 174]"
-4041511860,5,"[0, 20, 20, 133, 133, 154, 154, 158, 158, 182]","[0, 20, 133, 154, 158, 182]"
-4041511852,5,"[0, 17, 17, 133, 133, 152, 152, 163, 163, 180]","[0, 17, 133, 152, 163, 180]"
-4039511800,5,"[0, 17, 17, 134, 134, 152, 152, 163, 163, 181]","[0, 17, 134, 152, 163, 181]"
-4039511788,5,"[0, 17, 17, 129, 129, 150, 150, 161, 161, 177]","[0, 17, 129, 150, 161, 177]"
-4039511784,5,"[0, 15, 15, 131, 131, 153, 153, 163, 163, 180]","[0, 15, 131, 153, 163, 180]"
-4039511574,5,"[0, 21, 21, 137, 137, 157, 157, 167, 167, 184]","[0, 21, 137, 157, 167, 184]"
-4039511566,5,"[0, 16, 16, 131, 131, 152, 152, 163, 163, 179]","[0, 16, 131, 152, 163, 179]"
-4039511558,5,"[0, 19, 19, 134, 134, 155, 155, 165, 165, 182]","[0, 19, 134, 155, 165, 182]"
-4039511554,5,"[0, 20, 20, 135, 135, 154, 154, 165, 165, 181]","[0, 20, 135, 154, 165, 181]"
-4037511832,5,"[0, 9, 9, 128, 128, 149, 149, 159, 159, 178]","[0, 9, 128, 149, 159, 178]"
-4037511828,5,"[0, 5, 5, 121, 121, 142, 142, 152, 152, 169]","[0, 5, 121, 142, 152, 169]"
-4037511816,5,"[0, 18, 18, 135, 135, 156, 156, 167, 167, 184]","[0, 18, 135, 156, 167, 184]"
-4037511812,5,"[0, 17, 17, 137, 137, 157, 157, 167, 167, 184]","[0, 17, 137, 157, 167, 184]"
-4033511582,5,"[0, 17, 17, 133, 133, 154, 154, 164, 164, 181]","[0, 17, 133, 154, 164, 181]"
-4033511524,5,"[0, 6, 6, 134, 134, 155, 155, 164, 164, 188]","[0, 6, 134, 155, 164, 188]"
-4027511790,5,"[0, 5, 5, 129, 129, 149, 149, 159, 159, 175]","[0, 5, 129, 149, 159, 175]"
-4027511786,5,"[0, 17, 17, 137, 137, 158, 158, 168, 168, 185]","[0, 17, 137, 158, 168, 185]"
-4027511782,5,"[0, 17, 17, 137, 137, 159, 159, 170, 170, 187]","[0, 17, 137, 159, 170, 187]"
-4027511762,5,"[0, 19, 19, 159, 159, 180, 180, 191, 191, 210]","[0, 19, 159, 180, 191, 210]"
-4027511568,5,"[0, 6, 6, 126, 126, 147, 147, 158, 158, 175]","[0, 6, 126, 147, 158, 175]"
-4027511564,5,"[0, 8, 8, 132, 132, 152, 152, 162, 162, 179]","[0, 8, 132, 152, 162, 179]"
-4027511556,5,"[0, 19, 19, 145, 145, 164, 164, 174, 174, 192]","[0, 19, 145, 164, 174, 192]"
-4025511554,5,"[0, 15, 15, 146, 146, 167, 167, 180, 180, 195]","[0, 15, 146, 167, 180, 195]"
-4025511548,5,"[0, 22, 22, 141, 141, 162, 162, 172, 172, 190]","[0, 22, 141, 162, 172, 190]"
-4025511496,5,"[0, 17, 17, 139, 139, 160, 160, 164, 164, 188]","[0, 17, 139, 160, 164, 188]"
-4023511802,5,"[0, 17, 17, 144, 144, 163, 163, 174, 174, 191]","[0, 17, 144, 163, 174, 191]"
-4023511798,5,"[0, 6, 6, 115, 115, 149, 149, 159, 159, 177]","[0, 6, 115, 149, 159, 177]"
-4023511794,5,"[0, 17, 17, 144, 144, 165, 165, 172, 172, 193]","[0, 17, 144, 165, 172, 193]"
-4023511746,5,"[0, 17, 17, 139, 139, 160, 160, 170, 170, 186]","[0, 17, 139, 160, 170, 186]"
-4023511592,5,"[0, 20, 20, 141, 141, 162, 162, 172, 172, 190]","[0, 20, 141, 162, 172, 190]"
-4021511602,5,"[0, 18, 18, 146, 146, 165, 165, 174, 174, 191]","[0, 18, 146, 165, 174, 191]"
-4019511806,5,"[0, 19, 19, 145, 145, 160, 160, 175, 175, 193]","[0, 19, 145, 160, 175, 193]"
-4019511794,5,"[0, 20, 20, 147, 147, 160, 160, 179, 179, 196]","[0, 20, 147, 160, 179, 196]"
-4019511774,5,"[0, 19, 19, 149, 149, 169, 169, 179, 179, 196]","[0, 19, 149, 169, 179, 196]"
-4019511770,5,"[0, 17, 17, 142, 142, 163, 163, 173, 173, 191]","[0, 17, 142, 163, 173, 191]"
-4017511504,5,"[0, 17, 17, 139, 139, 160, 160, 170, 170, 188]","[0, 17, 139, 160, 170, 188]"
-3784722864,5,"[0, 17, 17, 139, 139, 160, 160, 170, 170, 187]","[0, 17, 139, 160, 170, 187]"
-3784722786,5,"[0, 7, 7, 130, 130, 148, 148, 160, 160, 178]","[0, 7, 130, 148, 160, 178]"
-3784722774,5,"[0, 17, 17, 137, 137, 158, 158, 167, 167, 187]","[0, 17, 137, 158, 167, 187]"
-3784722770,5,"[0, 8, 8, 131, 131, 151, 151, 161, 161, 177]","[0, 8, 131, 151, 161, 177]"
-3784722766,5,"[0, 17, 17, 134, 134, 156, 156, 166, 166, 188]","[0, 17, 134, 156, 166, 188]"
-3784722762,5,"[0, 18, 18, 141, 141, 161, 161, 173, 173, 189]","[0, 18, 141, 161, 173, 189]"
-3780722694,5,"[0, 20, 20, 140, 140, 160, 160, 171, 171, 188]","[0, 20, 140, 160, 171, 188]"
-2701400532,5,"[0, 19, 19, 149, 149, 169, 169, 179, 179, 197]","[0, 19, 149, 169, 179, 197]"
-2699400364,5,"[0, 17, 17, 138, 138, 159, 159, 169, 169, 187]","[0, 17, 138, 159, 169, 187]"
-2579249814,5,"[0, 20, 20, 137, 137, 166, 166, 176, 176, 194]","[0, 20, 137, 166, 176, 194]"
-2579249810,5,"[0, 17, 17, 140, 140, 161, 161, 171, 171, 188]","[0, 17, 140, 161, 171, 188]"
-2579249784,5,"[0, 17, 17, 140, 140, 161, 161, 172, 172, 189]","[0, 17, 140, 161, 172, 189]"
-2569250038,5,"[0, 17, 17, 126, 126, 152, 152, 162, 162, 179]","[0, 17, 126, 152, 162, 179]"
-2569250030,5,"[0, 19, 19, 133, 133, 155, 155, 165, 165, 182]","[0, 19, 133, 155, 165, 182]"
-2569249820,5,"[0, 16, 16, 139, 139, 160, 160, 170, 170, 187]","[0, 16, 139, 160, 170, 187]"
-2569249800,5,"[0, 17, 17, 135, 135, 156, 156, 167, 167, 184]","[0, 17, 135, 156, 167, 184]"
-2567249792,5,"[0, 18, 18, 138, 138, 158, 158, 169, 169, 186]","[0, 18, 138, 158, 169, 186]"
-2567249788,5,"[0, 17, 17, 138, 138, 159, 159, 169, 169, 186]","[0, 17, 138, 159, 169, 186]"
-2567249764,5,"[0, 16, 16, 137, 137, 157, 157, 167, 167, 184]","[0, 16, 137, 157, 167, 184]"
-2567249756,5,"[0, 20, 20, 137, 137, 158, 158, 168, 168, 186]","[0, 20, 137, 158, 168, 186]"
-2567249752,5,"[0, 18, 18, 135, 135, 155, 155, 165, 165, 181]","[0, 18, 135, 155, 165, 181]"
-2567249744,5,"[0, 18, 18, 136, 136, 157, 157, 168, 168, 184]","[0, 18, 136, 157, 168, 184]"
-2565249998,5,"[0, 20, 20, 140, 140, 159, 159, 171, 171, 192]","[0, 20, 140, 159, 171, 192]"
-2565249990,5,"[0, 17, 17, 140, 140, 161, 161, 172, 172, 188]","[0, 17, 140, 161, 172, 188]"
-2149929672,5,"[0, 18, 18, 148, 148, 169, 169, 179, 179, 197]","[0, 18, 148, 169, 179, 197]"
-2149929534,5,"[0, 18, 18, 140, 140, 161, 161, 172, 172, 189]","[0, 18, 140, 161, 172, 189]"
-2143929768,5,"[0, 17, 17, 144, 144, 164, 164, 173, 173, 191]","[0, 17, 144, 164, 173, 191]"
-2143929760,5,"[0, 21, 21, 148, 148, 167, 167, 178, 178, 195]","[0, 21, 148, 167, 178, 195]"
-2143929740,5,"[0, 16, 16, 140, 140, 156, 156, 169, 169, 187]","[0, 16, 140, 156, 169, 187]"
-2143929718,5,"[0, 16, 16, 145, 145, 166, 166, 176, 176, 194]","[0, 16, 145, 166, 176, 194]"
-2143929710,5,"[0, 17, 17, 141, 141, 163, 163, 173, 173, 191]","[0, 17, 141, 163, 173, 191]"
-2141929700,5,"[0, 19, 19, 140, 140, 161, 161, 171, 171, 189]","[0, 19, 140, 161, 171, 189]"
-2141929518,5,"[0, 18, 18, 141, 141, 162, 162, 172, 172, 190]","[0, 18, 141, 162, 172, 190]"
-2141929514,5,"[0, 17, 17, 149, 149, 170, 170, 179, 179, 198]","[0, 17, 149, 170, 179, 198]"
-2141929506,5,"[0, 20, 20, 150, 150, 160, 160, 173, 173, 200]","[0, 20, 150, 160, 173, 200]"
-2141929486,5,"[0, 17, 17, 140, 140, 161, 161, 171, 171, 188]","[0, 17, 140, 161, 171, 188]"
-2139929788,5,"[0, 14, 14, 144, 144, 164, 164, 173, 173, 191]","[0, 14, 144, 164, 173, 191]"
-2139929772,5,"[0, 21, 21, 148, 148, 169, 169, 179, 179, 197]","[0, 21, 148, 169, 179, 197]"
-2139929744,5,"[0, 18, 18, 141, 141, 161, 161, 171, 171, 188]","[0, 18, 141, 161, 171, 188]"
-2139929710,5,"[0, 9, 9, 139, 139, 158, 158, 169, 169, 186]","[0, 9, 139, 158, 169, 186]"
-2137929694,5,"[0, 17, 17, 146, 146, 166, 166, 173, 173, 194]","[0, 17, 146, 166, 173, 194]"
-2137929686,5,"[0, 18, 18, 139, 139, 160, 160, 171, 171, 188]","[0, 18, 139, 160, 171, 188]"
-2137929682,5,"[0, 19, 19, 146, 146, 167, 167, 178, 178, 195]","[0, 19, 146, 167, 178, 195]"
-2135929472,5,"[0, 19, 19, 138, 138, 159, 159, 168, 168, 187]","[0, 19, 138, 159, 168, 187]"
-2135929468,5,"[0, 17, 17, 138, 138, 159, 159, 169, 169, 186]","[0, 17, 138, 159, 169, 186]"
-2135929452,5,"[0, 17, 17, 136, 136, 158, 158, 169, 169, 186]","[0, 17, 136, 158, 169, 186]"
-2135929440,5,"[0, 17, 17, 139, 139, 160, 160, 170, 170, 194]","[0, 17, 139, 160, 170, 194]"
-2135929432,5,"[0, 18, 18, 143, 143, 164, 164, 174, 174, 192]","[0, 18, 143, 164, 174, 192]"
-2135929424,5,"[0, 5, 5, 124, 124, 145, 145, 155, 155, 173]","[0, 5, 124, 145, 155, 173]"
-2133929500,5,"[0, 17, 17, 132, 132, 153, 153, 163, 163, 180]","[0, 17, 132, 153, 163, 180]"
-2133929492,5,"[0, 19, 19, 139, 139, 160, 160, 170, 170, 187]","[0, 19, 139, 160, 170, 187]"
-2131929482,5,"[0, 19, 19, 145, 145, 165, 165, 175, 175, 192]","[0, 19, 145, 165, 175, 192]"
-2131929478,5,"[0, 17, 17, 137, 137, 158, 158, 167, 167, 186]","[0, 17, 137, 158, 167, 186]"
-2131929464,5,"[0, 17, 17, 143, 143, 163, 163, 173, 173, 191]","[0, 17, 143, 163, 173, 191]"
-2131929448,5,"[0, 21, 21, 144, 144, 164, 164, 174, 174, 190]","[0, 21, 144, 164, 174, 190]"
-2131929416,5,"[0, 20, 20, 142, 142, 162, 162, 172, 172, 189]","[0, 20, 142, 162, 172, 189]"
-2129929714,5,"[0, 20, 20, 139, 139, 160, 160, 171, 171, 187]","[0, 20, 139, 160, 171, 187]"
-2129929698,5,"[0, 21, 21, 144, 144, 164, 164, 174, 174, 191]","[0, 21, 144, 164, 174, 191]"
-2129929504,5,"[0, 16, 16, 135, 135, 154, 154, 166, 166, 182]","[0, 16, 135, 154, 166, 182]"
-2045929446,5,"[0, 19, 19, 137, 137, 158, 158, 169, 169, 188]","[0, 19, 137, 158, 169, 188]"
-2039929212,5,"[0, 10, 10, 137, 137, 157, 157, 166, 166, 180]","[0, 10, 137, 157, 166, 180]"
-2033929470,5,"[0, 17, 17, 146, 146, 167, 167, 178, 178, 195]","[0, 17, 146, 167, 178, 195]"
-2033929450,5,"[0, 17, 17, 147, 147, 166, 166, 177, 177, 198]","[0, 17, 147, 166, 177, 198]"
-2033929434,5,"[0, 17, 17, 139, 139, 160, 160, 170, 170, 188]","[0, 17, 139, 160, 170, 188]"
-2033929430,5,"[0, 16, 16, 145, 145, 166, 166, 177, 177, 193]","[0, 16, 145, 166, 177, 193]"
-2033929414,5,"[0, 16, 16, 135, 135, 162, 162, 172, 172, 191]","[0, 16, 135, 162, 172, 191]"
-1718100544,5,"[0, 21, 21, 139, 139, 159, 159, 170, 170, 188]","[0, 21, 139, 159, 170, 188]"
-1718100536,5,"[0, 20, 20, 139, 139, 160, 160, 170, 170, 187]","[0, 20, 139, 160, 170, 187]"
-1716100432,5,"[0, 17, 17, 141, 141, 161, 161, 171, 171, 188]","[0, 17, 141, 161, 171, 188]"
-1714100694,5,"[0, 8, 8, 127, 127, 147, 147, 157, 157, 174]","[0, 8, 127, 147, 157, 174]"
-1714100690,5,"[0, 20, 20, 138, 138, 160, 160, 170, 170, 187]","[0, 20, 138, 160, 170, 187]"
-1714100686,5,"[0, 18, 18, 136, 136, 157, 157, 165, 165, 194]","[0, 18, 136, 157, 165, 194]"
-1714100682,5,"[0, 17, 17, 141, 141, 160, 160, 171, 171, 189]","[0, 17, 141, 160, 171, 189]"
-1714100520,5,"[0, 16, 16, 142, 142, 160, 160, 172, 172, 189]","[0, 16, 142, 160, 172, 189]"
-1696100360,5,"[0, 17, 17, 131, 131, 152, 152, 162, 162, 179]","[0, 17, 131, 152, 162, 179]"
-1690100610,5,"[0, 5, 5, 121, 121, 142, 142, 152, 152, 169]","[0, 5, 121, 142, 152, 169]"
-903170198,5,"[0, 5, 5, 130, 130, 150, 150, 160, 160, 177]","[0, 5, 130, 150, 160, 177]"
-903170194,5,"[0, 17, 17, 136, 136, 156, 156, 166, 166, 184]","[0, 17, 136, 156, 166, 184]"
-903170172,5,"[0, 20, 20, 144, 144, 164, 164, 173, 173, 191]","[0, 20, 144, 164, 173, 191]"
-903170168,5,"[0, 10, 10, 133, 133, 154, 154, 165, 165, 182]","[0, 10, 133, 154, 165, 182]"
-903170160,5,"[0, 17, 17, 140, 140, 160, 160, 170, 170, 184]","[0, 17, 140, 160, 170, 184]"
-903170156,5,"[0, 16, 16, 136, 136, 157, 157, 167, 167, 185]","[0, 16, 136, 157, 167, 185]"
-903170152,5,"[0, 9, 9, 133, 133, 155, 155, 165, 165, 182]","[0, 9, 133, 155, 165, 182]"
-903170148,5,"[0, 18, 18, 138, 138, 159, 159, 170, 170, 186]","[0, 18, 138, 159, 170, 186]"
-903170144,5,"[0, 18, 18, 138, 138, 158, 158, 168, 168, 186]","[0, 18, 138, 158, 168, 186]"
-903170140,5,"[0, 20, 20, 144, 144, 165, 165, 175, 175, 193]","[0, 20, 144, 165, 175, 193]"
-903170132,5,"[0, 19, 19, 143, 143, 163, 163, 173, 173, 190]","[0, 19, 143, 163, 173, 190]"
-899170202,5,"[0, 10, 10, 137, 137, 158, 158, 168, 168, 179]","[0, 10, 137, 158, 168, 179]"
-899170198,5,"[0, 17, 17, 144, 144, 164, 164, 173, 173, 191]","[0, 17, 144, 164, 173, 191]"
-899170186,5,"[0, 18, 18, 144, 144, 165, 165, 175, 175, 193]","[0, 18, 144, 165, 175, 193]"
-899170156,5,"[0, 17, 17, 144, 144, 166, 166, 175, 175, 194]","[0, 17, 144, 166, 175, 194]"
-897170414,5,"[0, 13, 13, 127, 127, 149, 149, 159, 159, 177]","[0, 13, 127, 149, 159, 177]"
-897170370,5,"[0, 17, 17, 137, 137, 160, 160, 170, 170, 186]","[0, 17, 137, 160, 170, 186]"
-879170270,5,"[0, 5, 5, 138, 138, 159, 159, 170, 170, 187]","[0, 5, 138, 159, 170, 187]"
-879170254,5,"[0, 6, 6, 130, 130, 150, 150, 160, 160, 177]","[0, 6, 130, 150, 160, 177]"
-879170112,5,"[0, 17, 17, 144, 144, 165, 165, 176, 176, 193]","[0, 17, 144, 165, 176, 193]"
-879170108,5,"[0, 20, 20, 147, 147, 167, 167, 177, 177, 194]","[0, 20, 147, 167, 177, 194]"
-879170104,5,"[0, 21, 21, 145, 145, 166, 166, 177, 177, 203]","[0, 21, 145, 166, 177, 203]"
-879170100,5,"[0, 17, 17, 141, 141, 162, 162, 173, 173, 190]","[0, 17, 141, 162, 173, 190]"
-879170096,5,"[0, 16, 16, 143, 143, 163, 163, 173, 173, 191]","[0, 16, 143, 163, 173, 191]"
-879170092,5,"[0, 24, 24, 151, 151, 172, 172, 182, 182, 200]","[0, 24, 151, 172, 182, 200]"
-879170088,5,"[0, 18, 18, 143, 143, 164, 164, 174, 174, 192]","[0, 18, 143, 164, 174, 192]"
-879170076,5,"[0, 19, 19, 146, 146, 166, 166, 174, 174, 194]","[0, 19, 146, 166, 174, 194]"
-879170072,5,"[0, 20, 20, 147, 147, 167, 167, 177, 177, 195]","[0, 20, 147, 167, 177, 195]"
-879170068,5,"[0, 16, 16, 141, 141, 162, 162, 172, 172, 190]","[0, 16, 141, 162, 172, 190]"
-877170366,5,"[0, 17, 17, 141, 141, 162, 162, 172, 172, 189]","[0, 17, 141, 162, 172, 189]"
-877170350,5,"[0, 16, 16, 147, 147, 167, 167, 176, 176, 194]","[0, 16, 147, 167, 176, 194]"
-877170338,5,"[0, 19, 19, 152, 152, 172, 172, 182, 182, 199]","[0, 19, 152, 172, 182, 199]"
-877170330,5,"[0, 17, 17, 146, 146, 166, 166, 175, 175, 193]","[0, 17, 146, 166, 175, 193]"
-877170326,5,"[0, 17, 17, 146, 146, 167, 167, 176, 176, 195]","[0, 17, 146, 167, 176, 195]"
-877170322,5,"[0, 17, 17, 144, 144, 165, 165, 175, 175, 193]","[0, 17, 144, 165, 175, 193]"
-877170272,5,"[0, 16, 16, 143, 143, 163, 163, 173, 173, 190]","[0, 16, 143, 163, 173, 190]"
-877170268,5,"[0, 20, 20, 142, 142, 163, 163, 173, 173, 191]","[0, 20, 142, 163, 173, 191]"
-877170264,5,"[0, 17, 17, 146, 146, 166, 166, 178, 178, 193]","[0, 17, 146, 166, 178, 193]"
-877170260,5,"[0, 17, 17, 144, 144, 165, 165, 173, 173, 201]","[0, 17, 144, 165, 173, 201]"
-873170366,5,"[0, 18, 18, 152, 152, 172, 172, 182, 182, 199]","[0, 18, 152, 172, 182, 199]"
-873170354,5,"[0, 17, 17, 153, 153, 173, 173, 183, 183, 200]","[0, 17, 153, 173, 183, 200]"
-873170346,5,"[0, 16, 16, 146, 146, 167, 167, 175, 175, 195]","[0, 16, 146, 167, 175, 195]"
-873170338,5,"[0, 16, 16, 144, 144, 164, 164, 174, 174, 191]","[0, 16, 144, 164, 174, 191]"
-873170334,5,"[0, 8, 8, 135, 135, 156, 156, 166, 166, 184]","[0, 8, 135, 156, 166, 184]"
-873170318,5,"[0, 15, 15, 139, 139, 159, 159, 169, 169, 187]","[0, 15, 139, 159, 169, 187]"
-873170306,5,"[0, 16, 16, 144, 144, 165, 165, 178, 178, 193]","[0, 16, 144, 165, 178, 193]"
-873170272,5,"[0, 17, 17, 146, 146, 167, 167, 177, 177, 195]","[0, 17, 146, 167, 177, 195]"
-873170248,5,"[0, 17, 17, 150, 150, 171, 171, 181, 181, 198]","[0, 17, 150, 171, 181, 198]"
29494096,5,"[0, 18, 18, 136, 136, 156, 156, 166, 166, 183]","[0, 18, 136, 156, 166, 183]"
29494108,5,"[0, 17, 17, 134, 134, 155, 155, 166, 166, 182]","[0, 17, 134, 155, 166, 182]"
29494116,5,"[0, 17, 17, 132, 132, 153, 153, 163, 163, 181]","[0, 17, 132, 153, 163, 181]"
29494136,5,"[0, 19, 19, 135, 135, 156, 156, 166, 166, 183]","[0, 19, 135, 156, 166, 183]"
29494154,5,"[0, 12, 12, 127, 127, 146, 146, 157, 157, 166]","[0, 12, 127, 146, 157, 166]"
29494162,5,"[0, 5, 5, 113, 113, 130, 130, 147, 147, 164]","[0, 5, 113, 130, 147, 164]"
29494170,5,"[0, 17, 17, 135, 135, 155, 155, 165, 165, 182]","[0, 17, 135, 155, 165, 182]"
31494168,5,"[0, 17, 17, 133, 133, 152, 152, 163, 163, 180]","[0, 17, 133, 152, 163, 180]"
31494350,5,"[0, 11, 11, 125, 125, 145, 145, 155, 155, 172]","[0, 11, 125, 145, 155, 172]"
31494354,5,"[0, 17, 17, 134, 134, 156, 156, 166, 166, 182]","[0, 17, 134, 156, 166, 182]"
31494362,5,"[0, 17, 17, 136, 136, 155, 155, 165, 165, 183]","[0, 17, 136, 155, 165, 183]"
31494370,5,"[0, 18, 18, 134, 134, 155, 155, 165, 165, 182]","[0, 18, 134, 155, 165, 182]"
31494374,5,"[0, 20, 20, 135, 135, 156, 156, 166, 166, 184]","[0, 20, 135, 156, 166, 184]"
31494378,5,"[0, 17, 17, 132, 132, 153, 153, 163, 163, 181]","[0, 17, 132, 153, 163, 181]"
33494116,5,"[0, 20, 20, 139, 139, 159, 159, 169, 169, 186]","[0, 20, 139, 159, 169, 186]"
33494120,5,"[0, 5, 5, 122, 122, 143, 143, 153, 153, 171]","[0, 5, 122, 143, 153, 171]"
33494136,5,"[0, 8, 8, 127, 127, 150, 150, 160, 160, 176]","[0, 8, 127, 150, 160, 176]"
33494166,5,"[0, 10, 10, 131, 131, 150, 150, 161, 161, 178]","[0, 10, 131, 150, 161, 178]"
35494162,5,"[0, 17, 17, 130, 130, 151, 151, 162, 162, 178]","[0, 17, 130, 151, 162, 178]"
35494392,5,"[0, 18, 18, 138, 138, 159, 159, 169, 169, 186]","[0, 18, 138, 159, 169, 186]"
37494386,5,"[0, 20, 20, 137, 137, 156, 156, 167, 167, 184]","[0, 20, 137, 156, 167, 184]"
37494408,5,"[0, 18, 18, 135, 135, 155, 155, 165, 165, 182]","[0, 18, 135, 155, 165, 182]"
37494420,5,"[0, 20, 20, 139, 139, 160, 160, 171, 171, 187]","[0, 20, 139, 160, 171, 187]"
37494428,5,"[0, 17, 17, 132, 132, 151, 151, 162, 162, 178]","[0, 17, 132, 151, 162, 178]"
37494432,5,"[0, 20, 20, 138, 138, 159, 159, 169, 169, 187]","[0, 20, 138, 159, 169, 187]"
37494444,5,"[0, 19, 19, 139, 139, 160, 160, 171, 171, 188]","[0, 19, 139, 160, 171, 188]"
39494162,5,"[0, 19, 19, 135, 135, 155, 155, 165, 165, 182]","[0, 19, 135, 155, 165, 182]"
39494170,5,"[0, 20, 20, 134, 134, 155, 155, 165, 165, 182]","[0, 20, 134, 155, 165, 182]"
39494368,5,"[0, 17, 17, 136, 136, 158, 158, 168, 168, 185]","[0, 17, 136, 158, 168, 185]"
39494376,5,"[0, 18, 18, 137, 137, 158, 158, 169, 169, 185]","[0, 18, 137, 158, 169, 185]"
39494380,5,"[0, 21, 21, 135, 135, 156, 156, 166, 166, 183]","[0, 21, 135, 156, 166, 183]"
39494388,5,"[0, 20, 20, 137, 137, 159, 159, 169, 169, 185]","[0, 20, 137, 159, 169, 185]"
41494394,5,"[0, 20, 20, 137, 137, 158, 158, 168, 168, 185]","[0, 20, 137, 158, 168, 185]"
41494428,5,"[0, 17, 17, 133, 133, 154, 154, 165, 165, 182]","[0, 17, 133, 154, 165, 182]"
41494452,5,"[0, 11, 11, 135, 135, 155, 155, 165, 165, 184]","[0, 11, 135, 155, 165, 184]"
43494166,5,"[0, 32, 32, 151, 151, 170, 170, 181, 181, 198]","[0, 32, 151, 170, 181, 198]"
43494170,5,"[0, 20, 20, 136, 136, 157, 157, 167, 167, 184]","[0, 20, 136, 157, 167, 184]"
43494178,5,"[0, 17, 17, 134, 134, 155, 155, 165, 165, 182]","[0, 17, 134, 155, 165, 182]"
43494194,5,"[0, 17, 17, 135, 135, 156, 156, 166, 166, 183]","[0, 17, 135, 156, 166, 183]"
43494206,5,"[0, 17, 17, 134, 134, 155, 155, 165, 165, 182]","[0, 17, 134, 155, 165, 182]"
43494368,5,"[0, 16, 16, 133, 133, 155, 155, 165, 165, 182]","[0, 16, 133, 155, 165, 182]"
1270253716,5,"[0, 20, 20, 144, 144, 165, 165, 175, 175, 192]","[0, 20, 144, 165, 175, 192]"
1270253720,5,"[0, 20, 20, 134, 134, 154, 154, 164, 164, 181]","[0, 20, 134, 154, 164, 181]"
1270253728,5,"[0, 20, 20, 133, 133, 154, 154, 165, 165, 181]","[0, 20, 133, 154, 165, 181]"
1272253470,5,"[0, 4, 4, 116, 116, 136, 136, 146, 146, 163]","[0, 4, 116, 136, 146, 163]"
1272253486,5,"[0, 17, 17, 131, 131, 151, 151, 161, 161, 178]","[0, 17, 131, 151, 161, 178]"
1276253498,5,"[0, 20, 20, 133, 133, 154, 154, 164, 164, 181]","[0, 20, 133, 154, 164, 181]"
1276253502,5,"[0, 16, 16, 127, 127, 141, 141, 145, 145, 173]","[0, 16, 127, 141, 145, 173]"
1276253688,5,"[0, 20, 20, 132, 132, 152, 152, 162, 162, 179]","[0, 20, 132, 152, 162, 179]"
1286253654,5,"[0, 18, 18, 135, 135, 156, 156, 167, 167, 183]","[0, 18, 135, 156, 167, 183]"
1286253712,5,"[0, 19, 19, 137, 137, 158, 158, 168, 168, 185]","[0, 19, 137, 158, 168, 185]"
1286253720,5,"[0, 16, 16, 136, 136, 155, 155, 166, 166, 183]","[0, 16, 136, 155, 166, 183]"
1286253728,5,"[0, 18, 18, 135, 135, 156, 156, 166, 166, 184]","[0, 18, 135, 156, 166, 184]"
1286253732,5,"[0, 17, 17, 133, 133, 152, 152, 163, 163, 180]","[0, 17, 133, 152, 163, 180]"
1286253752,5,"[0, 17, 17, 130, 130, 152, 152, 163, 163, 180]","[0, 17, 130, 152, 163, 180]"
1288253454,5,"[0, 17, 17, 134, 134, 155, 155, 165, 165, 181]","[0, 17, 134, 155, 165, 181]"
1288253458,5,"[0, 20, 20, 137, 137, 158, 158, 168, 168, 185]","[0, 20, 137, 158, 168, 185]"
1288253462,5,"[0, 16, 16, 132, 132, 153, 153, 164, 164, 181]","[0, 16, 132, 153, 164, 181]"
1288253470,5,"[0, 18, 18, 136, 136, 155, 155, 166, 166, 183]","[0, 18, 136, 155, 166, 183]"
1288253474,5,"[0, 20, 20, 137, 137, 158, 158, 168, 168, 186]","[0, 20, 137, 158, 168, 186]"
1288253478,5,"[0, 20, 20, 140, 140, 159, 159, 169, 169, 186]","[0, 20, 140, 159, 169, 186]"
1288253482,5,"[0, 16, 16, 130, 130, 150, 150, 161, 161, 178]","[0, 16, 130, 150, 161, 178]"
1288253490,5,"[0, 17, 17, 135, 135, 155, 155, 165, 165, 182]","[0, 17, 135, 155, 165, 182]"
1288253494,5,"[0, 17, 17, 134, 134, 155, 155, 165, 165, 183]","[0, 17, 134, 155, 165, 183]"
1288253502,5,"[0, 16, 16, 133, 133, 154, 154, 164, 164, 181]","[0, 16, 133, 154, 164, 181]"
1288253648,5,"[0, 17, 17, 133, 133, 155, 155, 165, 165, 182]","[0, 17, 133, 155, 165, 182]"
1290253650,5,"[0, 6, 6, 122, 122, 141, 141, 151, 151, 168]","[0, 6, 122, 141, 151, 168]"
1290253654,5,"[0, 20, 20, 135, 135, 156, 156, 166, 166, 184]","[0, 20, 135, 156, 166, 184]"
1290253662,5,"[0, 17, 17, 131, 131, 151, 151, 161, 161, 178]","[0, 17, 131, 151, 161, 178]"
1290253716,5,"[0, 12, 12, 125, 125, 146, 146, 157, 157, 174]","[0, 12, 125, 146, 157, 174]"
1290253728,5,"[0, 17, 17, 129, 129, 150, 150, 159, 159, 178]","[0, 17, 129, 150, 159, 178]"
1290253732,5,"[0, 10, 10, 125, 125, 140, 140, 156, 156, 173]","[0, 10, 125, 140, 156, 173]"
1290253744,5,"[0, 20, 20, 136, 136, 157, 157, 167, 167, 184]","[0, 20, 136, 157, 167, 184]"
1290253756,5,"[0, 19, 19, 134, 134, 154, 154, 164, 164, 181]","[0, 19, 134, 154, 164, 181]"
1292253514,5,"[0, 19, 19, 133, 133, 154, 154, 164, 164, 181]","[0, 19, 133, 154, 164, 181]"
1292253518,5,"[0, 17, 17, 135, 135, 156, 156, 166, 166, 184]","[0, 17, 135, 156, 166, 184]"
1292253526,5,"[0, 20, 20, 139, 139, 160, 160, 170, 170, 187]","[0, 20, 139, 160, 170, 187]"
1292253534,5,"[0, 20, 20, 135, 135, 156, 156, 167, 167, 183]","[0, 20, 135, 156, 167, 183]"
1292253608,5,"[0, 16, 16, 132, 132, 153, 153, 163, 163, 180]","[0, 16, 132, 153, 163, 180]"
1292253612,5,"[0, 17, 17, 134, 134, 155, 155, 165, 165, 182]","[0, 17, 134, 155, 165, 182]"
1294253602,5,"[0, 18, 18, 128, 128, 149, 149, 161, 161, 177]","[0, 18, 128, 149, 161, 177]"
1294253610,5,"[0, 20, 20, 139, 139, 159, 159, 164, 164, 186]","[0, 20, 139, 159, 164, 186]"
1294253796,5,"[0, 20, 20, 137, 137, 157, 157, 167, 167, 184]","[0, 20, 137, 157, 167, 184]"
1294253808,5,"[0, 31, 31, 148, 148, 169, 169, 179, 179, 197]","[0, 31, 148, 169, 179, 197]"
1296253506,5,"[0, 18, 18, 133, 133, 154, 154, 164, 164, 185]","[0, 18, 133, 154, 164, 185]"
1296253510,5,"[0, 13, 13, 126, 126, 147, 147, 156, 156, 167]","[0, 13, 126, 147, 156, 167]"
1296253518,5,"[0, 17, 17, 129, 129, 150, 150, 162, 162, 174]","[0, 17, 129, 150, 162, 174]"
1296253538,5,"[0, 19, 19, 134, 134, 154, 154, 164, 164, 181]","[0, 19, 134, 154, 164, 181]"
1296253550,5,"[0, 17, 17, 131, 131, 151, 151, 161, 161, 176]","[0, 17, 131, 151, 161, 176]"
1296253558,5,"[0, 15, 15, 133, 133, 154, 154, 164, 164, 181]","[0, 15, 133, 154, 164, 181]"
1296253608,5,"[0, 5, 5, 118, 118, 139, 139, 150, 150, 167]","[0, 5, 118, 139, 150, 167]"
1300253518,5,"[0, 17, 17, 135, 135, 155, 155, 165, 165, 182]","[0, 17, 135, 155, 165, 182]"
1300253526,5,"[0, 20, 20, 138, 138, 159, 159, 169, 169, 186]","[0, 20, 138, 159, 169, 186]"
1300253600,5,"[0, 20, 20, 137, 137, 159, 159, 170, 170, 187]","[0, 20, 137, 159, 170, 187]"
1300253620,5,"[0, 17, 17, 132, 132, 152, 152, 162, 162, 179]","[0, 17, 132, 152, 162, 179]"
1302253578,5,"[0, 13, 13, 136, 136, 155, 155, 166, 166, 183]","[0, 13, 136, 155, 166, 183]"
1302253764,5,"[0, 9, 9, 123, 123, 143, 143, 153, 153, 170]","[0, 9, 123, 143, 153, 170]"
1302253792,5,"[0, 18, 18, 132, 132, 153, 153, 164, 164, 181]","[0, 18, 132, 153, 164, 181]"
1304253534,5,"[0, 18, 18, 132, 132, 153, 153, 163, 163, 180]","[0, 18, 132, 153, 163, 180]"
1304253554,5,"[0, 12, 12, 128, 128, 149, 149, 159, 159, 175]","[0, 12, 128, 149, 159, 175]"
1304253562,5,"[0, 20, 20, 136, 136, 157, 157, 168, 168, 185]","[0, 20, 136, 157, 168, 185]"
1304253566,5,"[0, 17, 17, 136, 136, 156, 156, 166, 166, 183]","[0, 17, 136, 156, 166, 183]"
1304253572,5,"[0, 18, 18, 135, 135, 154, 154, 165, 165, 181]","[0, 18, 135, 154, 165, 181]"
1306253578,5,"[0, 19, 19, 138, 138, 159, 159, 169, 169, 187]","[0, 19, 138, 159, 169, 187]"
1306253582,5,"[0, 20, 20, 138, 138, 159, 159, 169, 169, 187]","[0, 20, 138, 159, 169, 187]"
1306253590,5,"[0, 16, 16, 128, 128, 150, 150, 161, 161, 177]","[0, 16, 128, 150, 161, 177]"
1306253764,5,"[0, 17, 17, 135, 135, 156, 156, 166, 166, 184]","[0, 17, 135, 156, 166, 184]"
1306253772,5,"[0, 21, 21, 139, 139, 158, 158, 169, 169, 185]","[0, 21, 139, 158, 169, 185]"
1306253780,5,"[0, 17, 17, 134, 134, 155, 155, 166, 166, 181]","[0, 17, 134, 155, 166, 181]"
1306253800,5,"[0, 18, 18, 134, 134, 155, 155, 166, 166, 183]","[0, 18, 134, 155, 166, 183]"
1306253804,5,"[0, 14, 14, 132, 132, 153, 153, 163, 163, 181]","[0, 14, 132, 153, 163, 181]"
1308253522,5,"[0, 23, 23, 142, 142, 163, 163, 173, 173, 193]","[0, 23, 142, 163, 173, 193]"
1308253526,5,"[0, 17, 17, 133, 133, 154, 154, 164, 164, 181]","[0, 17, 133, 154, 164, 181]"
1308253546,5,"[0, 7, 7, 128, 128, 147, 147, 158, 158, 175]","[0, 7, 128, 147, 158, 175]"
1308253550,5,"[0, 16, 16, 131, 131, 152, 152, 162, 162, 179]","[0, 16, 131, 152, 162, 179]"
1308253554,5,"[0, 17, 17, 136, 136, 157, 157, 167, 167, 184]","[0, 17, 136, 157, 167, 184]"
1308253576,5,"[0, 18, 18, 133, 133, 153, 153, 163, 163, 180]","[0, 18, 133, 153, 163, 180]"
1308253584,5,"[0, 4, 4, 122, 122, 143, 143, 153, 153, 179]","[0, 4, 122, 143, 153, 179]"
1308253592,5,"[0, 18, 18, 137, 137, 157, 157, 167, 167, 184]","[0, 18, 137, 157, 167, 184]"
1308253596,5,"[0, 6, 6, 124, 124, 143, 143, 154, 154, 171]","[0, 6, 124, 143, 154, 171]"
1310253570,5,"[0, 18, 18, 138, 138, 158, 158, 168, 168, 185]","[0, 18, 138, 158, 168, 185]"
1310253586,5,"[0, 18, 18, 130, 130, 150, 150, 159, 159, 172]","[0, 18, 130, 150, 159, 172]"
1310253816,5,"[0, 17, 17, 134, 134, 154, 154, 164, 164, 181]","[0, 17, 134, 154, 164, 181]"
1310253820,5,"[0, 20, 20, 139, 139, 160, 160, 170, 170, 187]","[0, 20, 139, 160, 170, 187]"
1312253522,5,"[0, 20, 20, 136, 136, 156, 156, 166, 166, 184]","[0, 20, 136, 156, 166, 184]"
1312253530,5,"[0, 17, 17, 133, 133, 154, 154, 163, 163, 182]","[0, 17, 133, 154, 163, 182]"
1312253546,5,"[0, 20, 20, 136, 136, 156, 156, 166, 166, 183]","[0, 20, 136, 156, 166, 183]"
1312253554,5,"[0, 20, 20, 132, 132, 153, 153, 163, 163, 180]","[0, 20, 132, 153, 163, 180]"
1312253566,5,"[0, 18, 18, 134, 134, 154, 154, 164, 164, 181]","[0, 18, 134, 154, 164, 181]"
1312253596,5,"[0, 12, 12, 131, 131, 152, 152, 162, 162, 179]","[0, 12, 131, 152, 162, 179]"
1314253568,5,"[0, 17, 17, 133, 133, 153, 153, 163, 163, 181]","[0, 17, 133, 153, 163, 181]"
1314253576,5,"[0, 15, 15, 130, 130, 150, 150, 160, 160, 177]","[0, 15, 130, 150, 160, 177]"
1314253592,5,"[0, 21, 21, 138, 138, 158, 158, 168, 168, 185]","[0, 21, 138, 158, 168, 185]"
1314253596,5,"[0, 18, 18, 137, 137, 156, 156, 167, 167, 184]","[0, 18, 137, 156, 167, 184]"
1314253604,5,"[0, 19, 19, 134, 134, 155, 155, 165, 165, 183]","[0, 19, 134, 155, 165, 183]"
1314253628,5,"[0, 20, 20, 136, 136, 157, 157, 167, 167, 185]","[0, 20, 136, 157, 167, 185]"
1314253794,5,"[0, 18, 18, 134, 134, 149, 149, 167, 167, 182]","[0, 18, 134, 149, 167, 182]"
1314253798,5,"[0, 18, 18, 134, 134, 155, 155, 165, 165, 183]","[0, 18, 134, 155, 165, 183]"
1314253822,5,"[0, 19, 19, 132, 132, 151, 151, 163, 163, 179]","[0, 19, 132, 151, 163, 179]"
1316253792,5,"[0, 16, 16, 132, 132, 152, 152, 162, 162, 179]","[0, 16, 132, 152, 162, 179]"
1316253804,5,"[0, 5, 5, 121, 121, 141, 141, 151, 151, 168]","[0, 5, 121, 141, 151, 168]"
1316253826,5,"[0, 18, 18, 135, 135, 155, 155, 165, 165, 182]","[0, 18, 135, 155, 165, 182]"
1316253838,5,"[0, 16, 16, 132, 132, 152, 152, 163, 163, 180]","[0, 16, 132, 152, 163, 180]"
1316253846,5,"[0, 18, 18, 133, 133, 152, 152, 163, 163, 180]","[0, 18, 133, 152, 163, 180]"
1316253850,5,"[0, 17, 17, 129, 129, 148, 148, 159, 159, 176]","[0, 17, 129, 148, 159, 176]"
1316253858,5,"[0, 16, 16, 137, 137, 158, 158, 168, 168, 186]","[0, 16, 137, 158, 168, 186]"
1316253870,5,"[0, 20, 20, 135, 135, 154, 154, 165, 165, 182]","[0, 20, 135, 154, 165, 182]"
1318253584,5,"[0, 11, 11, 120, 120, 139, 139, 150, 150, 168]","[0, 11, 120, 139, 150, 168]"
1318253608,5,"[0, 17, 17, 127, 127, 142, 142, 146, 146, 175]","[0, 17, 127, 142, 146, 175]"
1322253616,5,"[0, 21, 21, 138, 138, 158, 158, 168, 168, 185]","[0, 21, 138, 158, 168, 185]"
1322253620,5,"[0, 16, 16, 134, 134, 156, 156, 166, 166, 183]","[0, 16, 134, 156, 166, 183]"
1324253768,5,"[0, 18, 18, 132, 132, 153, 153, 163, 163, 181]","[0, 18, 132, 153, 163, 181]"
1328253862,5,"[0, 18, 18, 134, 134, 155, 155, 166, 166, 183]","[0, 18, 134, 155, 166, 183]"
1330253600,5,"[0, 17, 17, 132, 132, 153, 153, 163, 163, 180]","[0, 17, 132, 153, 163, 180]"
1330253620,5,"[0, 20, 20, 138, 138, 158, 158, 168, 168, 185]","[0, 20, 138, 158, 168, 185]"
1330253782,5,"[0, 18, 18, 135, 135, 155, 155, 165, 165, 182]","[0, 18, 135, 155, 165, 182]"
1332253854,5,"[0, 17, 17, 132, 132, 152, 152, 162, 162, 179]","[0, 17, 132, 152, 162, 179]"
1332253886,5,"[0, 5, 5, 121, 121, 142, 142, 153, 153, 169]","[0, 5, 121, 142, 153, 169]"
1451738948,5,"[0, 20, 20, 134, 134, 154, 154, 164, 164, 181]","[0, 20, 134, 154, 164, 181]"
1451738960,5,"[0, 16, 16, 123, 123, 150, 150, 160, 160, 177]","[0, 16, 123, 150, 160, 177]"
1451738976,5,"[0, 17, 17, 129, 129, 150, 150, 160, 160, 174]","[0, 17, 129, 150, 160, 174]"
1451738980,5,"[0, 19, 19, 135, 135, 154, 154, 165, 165, 182]","[0, 19, 135, 154, 165, 182]"
1451738988,5,"[0, 17, 17, 129, 129, 150, 150, 160, 160, 176]","[0, 17, 129, 150, 160, 176]"
1462254272,5,"[0, 10, 10, 120, 120, 144, 144, 154, 154, 174]","[0, 10, 120, 144, 154, 174]"
1462254280,5,"[0, 18, 18, 131, 131, 151, 151, 161, 161, 177]","[0, 18, 131, 151, 161, 177]"
1462254288,5,"[0, 17, 17, 125, 125, 149, 149, 159, 159, 184]","[0, 17, 125, 149, 159, 184]"
1462254300,5,"[0, 15, 15, 127, 127, 147, 147, 157, 157, 172]","[0, 15, 127, 147, 157, 172]"
1462254316,5,"[0, 15, 15, 128, 128, 148, 148, 158, 158, 172]","[0, 15, 128, 148, 158, 172]"
1464254022,5,"[0, 17, 17, 131, 131, 152, 152, 160, 160, 179]","[0, 17, 131, 152, 160, 179]"
1464254026,5,"[0, 16, 16, 133, 133, 154, 154, 165, 165, 182]","[0, 16, 133, 154, 165, 182]"
1464254140,5,"[0, 5, 5, 111, 111, 132, 132, 140, 140, 160]","[0, 5, 111, 132, 140, 160]"
1471738964,5,"[0, 20, 20, 146, 146, 167, 167, 177, 177, 195]","[0, 20, 146, 167, 177, 195]"
1471738972,5,"[0, 20, 20, 143, 143, 164, 164, 174, 174, 191]","[0, 20, 143, 164, 174, 191]"
1475739234,5,"[0, 17, 17, 141, 141, 161, 161, 171, 171, 188]","[0, 17, 141, 161, 171, 188]"
1475739238,5,"[0, 16, 16, 135, 135, 156, 156, 166, 166, 184]","[0, 16, 135, 156, 166, 184]"
1475739242,5,"[0, 17, 17, 139, 139, 158, 158, 169, 169, 186]","[0, 17, 139, 158, 169, 186]"
1475739250,5,"[0, 10, 10, 123, 123, 144, 144, 154, 154, 171]","[0, 10, 123, 144, 154, 171]"
1475739276,5,"[0, 20, 20, 131, 131, 152, 152, 163, 163, 180]","[0, 20, 131, 152, 163, 180]"
1475739292,5,"[0, 18, 18, 143, 143, 163, 163, 172, 172, 191]","[0, 18, 143, 163, 172, 191]"
1477739054,5,"[0, 17, 17, 137, 137, 158, 158, 167, 167, 186]","[0, 17, 137, 158, 167, 186]"
1477739062,5,"[0, 20, 20, 143, 143, 164, 164, 174, 174, 192]","[0, 20, 143, 164, 174, 192]"
1477739240,5,"[0, 21, 21, 141, 141, 162, 162, 172, 172, 190]","[0, 21, 141, 162, 172, 190]"
1478254296,5,"[0, 17, 17, 131, 131, 150, 150, 162, 162, 184]","[0, 17, 131, 150, 162, 184]"
1478254304,5,"[0, 14, 14, 138, 138, 159, 159, 168, 168, 186]","[0, 14, 138, 159, 168, 186]"
1478254316,5,"[0, 18, 18, 132, 132, 153, 153, 163, 163, 180]","[0, 18, 132, 153, 163, 180]"
1478254324,5,"[0, 17, 17, 136, 136, 156, 156, 166, 166, 183]","[0, 17, 136, 156, 166, 183]"
1478254328,5,"[0, 18, 18, 136, 136, 157, 157, 167, 167, 184]","[0, 18, 136, 157, 167, 184]"
1479739258,5,"[0, 18, 18, 134, 134, 154, 154, 164, 164, 181]","[0, 18, 134, 154, 164, 181]"
1480254034,5,"[0, 17, 17, 139, 139, 159, 159, 169, 169, 186]","[0, 17, 139, 159, 169, 186]"
1480254038,5,"[0, 24, 24, 152, 152, 173, 173, 184, 184, 200]","[0, 24, 152, 173, 184, 200]"
1480254058,5,"[0, 19, 19, 139, 139, 160, 160, 170, 170, 187]","[0, 19, 139, 160, 170, 187]"
1480254062,5,"[0, 16, 16, 133, 133, 154, 154, 165, 165, 182]","[0, 16, 133, 154, 165, 182]"
1480254066,5,"[0, 20, 20, 140, 140, 162, 162, 172, 172, 189]","[0, 20, 140, 162, 172, 189]"
1480254074,5,"[0, 9, 9, 127, 127, 149, 149, 163, 163, 177]","[0, 9, 127, 149, 163, 177]"
1480254096,5,"[0, 19, 19, 134, 134, 154, 154, 163, 163, 181]","[0, 19, 134, 154, 163, 181]"
1480254108,5,"[0, 17, 17, 134, 134, 154, 154, 164, 164, 169]","[0, 17, 134, 154, 164, 169]"
1481739014,5,"[0, 16, 16, 134, 134, 155, 155, 165, 165, 182]","[0, 16, 134, 155, 165, 182]"
1481739022,5,"[0, 16, 16, 132, 132, 153, 153, 164, 164, 181]","[0, 16, 132, 153, 164, 181]"
1481739038,5,"[0, 17, 17, 128, 128, 149, 149, 159, 159, 177]","[0, 17, 128, 149, 159, 177]"
1482254086,5,"[0, 18, 18, 138, 138, 157, 157, 168, 168, 185]","[0, 18, 138, 157, 168, 185]"
1482254276,5,"[0, 17, 17, 136, 136, 155, 155, 166, 166, 183]","[0, 17, 136, 155, 166, 183]"
1482254296,5,"[0, 17, 17, 133, 133, 154, 154, 164, 164, 182]","[0, 17, 133, 154, 164, 182]"
1482254300,5,"[0, 17, 17, 133, 133, 154, 154, 164, 164, 182]","[0, 17, 133, 154, 164, 182]"
1484254312,5,"[0, 18, 18, 130, 130, 151, 151, 161, 161, 178]","[0, 18, 130, 151, 161, 178]"
1484254316,5,"[0, 17, 17, 135, 135, 156, 156, 166, 166, 183]","[0, 17, 135, 156, 166, 183]"
1484254328,5,"[0, 20, 20, 139, 139, 160, 160, 170, 170, 188]","[0, 20, 139, 160, 170, 188]"
1484254338,5,"[0, 5, 5, 126, 126, 146, 146, 156, 156, 173]","[0, 5, 126, 146, 156, 173]"
1484254342,5,"[0, 18, 18, 138, 138, 159, 159, 170, 170, 186]","[0, 18, 138, 159, 170, 186]"
1484254346,5,"[0, 16, 16, 138, 138, 157, 157, 167, 167, 184]","[0, 16, 138, 157, 167, 184]"
1484254358,5,"[0, 12, 12, 140, 140, 147, 147, 164, 164, 187]","[0, 12, 140, 147, 164, 187]"
1484254366,5,"[0, 17, 17, 137, 137, 157, 157, 167, 167, 184]","[0, 17, 137, 157, 167, 184]"
1484254370,5,"[0, 5, 5, 117, 117, 138, 138, 148, 148, 165]","[0, 5, 117, 138, 148, 165]"
1484254374,5,"[0, 17, 17, 136, 136, 157, 157, 167, 167, 185]","[0, 17, 136, 157, 167, 185]"
1484254378,5,"[0, 17, 17, 136, 136, 156, 156, 168, 168, 185]","[0, 17, 136, 156, 168, 185]"
1484254382,5,"[0, 19, 19, 137, 137, 159, 159, 168, 168, 186]","[0, 19, 137, 159, 168, 186]"
1486254080,5,"[0, 18, 18, 134, 134, 154, 154, 164, 164, 185]","[0, 18, 134, 154, 164, 185]"
1486254092,5,"[0, 17, 17, 134, 134, 153, 153, 167, 167, 181]","[0, 17, 134, 153, 167, 181]"
1486254096,5,"[0, 20, 20, 135, 135, 156, 156, 166, 166, 183]","[0, 20, 135, 156, 166, 183]"
1486254314,5,"[0, 17, 17, 132, 132, 153, 153, 164, 164, 181]","[0, 17, 132, 153, 164, 181]"
1486254318,5,"[0, 16, 16, 133, 133, 152, 152, 163, 163, 179]","[0, 16, 133, 152, 163, 179]"
1488254304,5,"[0, 16, 16, 142, 142, 162, 162, 172, 172, 188]","[0, 16, 142, 162, 172, 188]"
1488254308,5,"[0, 17, 17, 142, 142, 161, 161, 171, 171, 188]","[0, 17, 142, 161, 171, 188]"
1488254338,5,"[0, 17, 17, 130, 130, 150, 150, 160, 160, 174]","[0, 17, 130, 150, 160, 174]"
1488254342,5,"[0, 5, 5, 122, 122, 143, 143, 153, 153, 170]","[0, 5, 122, 143, 153, 170]"
1488254346,5,"[0, 19, 19, 139, 139, 159, 159, 169, 169, 187]","[0, 19, 139, 159, 169, 187]"
1488254358,5,"[0, 20, 20, 137, 137, 157, 157, 167, 167, 184]","[0, 20, 137, 157, 167, 184]"
1488254370,5,"[0, 18, 18, 134, 134, 156, 156, 166, 166, 183]","[0, 18, 134, 156, 166, 183]"
1488254374,5,"[0, 18, 18, 134, 134, 154, 154, 164, 164, 181]","[0, 18, 134, 154, 164, 181]"
1488254378,5,"[0, 20, 20, 136, 136, 157, 157, 168, 168, 185]","[0, 20, 136, 157, 168, 185]"
1488254382,5,"[0, 16, 16, 132, 132, 152, 152, 162, 162, 177]","[0, 16, 132, 152, 162, 177]"
1490254080,5,"[0, 27, 27, 137, 137, 156, 156, 169, 169, 185]","[0, 27, 137, 156, 169, 185]"
1490254092,5,"[0, 16, 16, 131, 131, 150, 150, 163, 163, 180]","[0, 16, 131, 150, 163, 180]"
1490254104,5,"[0, 19, 19, 132, 132, 152, 152, 161, 161, 179]","[0, 19, 132, 152, 161, 179]"
1490254124,5,"[0, 17, 17, 133, 133, 154, 154, 164, 164, 181]","[0, 17, 133, 154, 164, 181]"
1490254140,5,"[0, 20, 20, 133, 133, 154, 154, 164, 164, 182]","[0, 20, 133, 154, 164, 182]"
1492254346,5,"[0, 17, 17, 132, 132, 153, 153, 163, 163, 180]","[0, 17, 132, 153, 163, 180]"
2110498180,5,"[0, 17, 17, 135, 135, 155, 155, 165, 165, 182]","[0, 17, 135, 155, 165, 182]"
2110498228,5,"[0, 5, 5, 122, 122, 142, 142, 155, 155, 172]","[0, 5, 122, 142, 155, 172]"
2114498118,5,"[0, 20, 20, 149, 149, 170, 170, 180, 180, 197]","[0, 20, 149, 170, 180, 197]"
2655292676,5,"[0, 19, 19, 139, 139, 160, 160, 170, 170, 188]","[0, 19, 139, 160, 170, 188]"
2655292684,5,"[0, 20, 20, 141, 141, 161, 161, 172, 172, 188]","[0, 20, 141, 161, 172, 188]"
2657292900,5,"[0, 5, 5, 116, 116, 137, 137, 148, 148, 165]","[0, 5, 116, 137, 148, 165]"
2657292942,5,"[0, 5, 5, 119, 119, 140, 140, 150, 150, 167]","[0, 5, 119, 140, 150, 167]"
2657292950,5,"[0, 17, 17, 133, 133, 152, 152, 161, 161, 179]","[0, 17, 133, 152, 161, 179]"
2663292680,5,"[0, 17, 17, 136, 136, 150, 150, 154, 154, 171]","[0, 17, 136, 150, 154, 171]"
2663292688,5,"[0, 20, 20, 140, 140, 161, 161, 171, 171, 189]","[0, 20, 140, 161, 171, 189]"
2663292720,5,"[0, 17, 17, 131, 131, 148, 148, 161, 161, 177]","[0, 17, 131, 148, 161, 177]"
2663292724,5,"[0, 19, 19, 142, 142, 163, 163, 173, 173, 190]","[0, 19, 142, 163, 173, 190]"
2663292728,5,"[0, 15, 15, 133, 133, 152, 152, 163, 163, 180]","[0, 15, 133, 152, 163, 180]"
2665292900,5,"[0, 17, 17, 135, 135, 156, 156, 169, 169, 183]","[0, 17, 135, 156, 169, 183]"
2665292916,5,"[0, 26, 26, 142, 142, 165, 165, 175, 175, 193]","[0, 26, 142, 165, 175, 193]"
2665292924,5,"[0, 23, 23, 141, 141, 161, 161, 172, 172, 189]","[0, 23, 141, 161, 172, 189]"
2665292986,5,"[0, 16, 16, 130, 130, 151, 151, 164, 164, 178]","[0, 16, 130, 151, 164, 178]"
2667292676,5,"[0, 17, 17, 132, 132, 151, 151, 162, 162, 178]","[0, 17, 132, 151, 162, 178]"
2667292680,5,"[0, 12, 12, 126, 126, 147, 147, 157, 157, 174]","[0, 12, 126, 147, 157, 174]"
2667292708,5,"[0, 5, 5, 125, 125, 145, 145, 155, 155, 172]","[0, 5, 125, 145, 155, 172]"
2667292716,5,"[0, 17, 17, 131, 131, 152, 152, 162, 162, 178]","[0, 17, 131, 152, 162, 178]"
2667292874,5,"[0, 17, 17, 131, 131, 153, 153, 163, 163, 180]","[0, 17, 131, 153, 163, 180]"
2667292894,5,"[0, 18, 18, 133, 133, 154, 154, 164, 164, 181]","[0, 18, 133, 154, 164, 181]"
2703293042,5,"[0, 17, 17, 149, 149, 170, 170, 180, 180, 198]","[0, 17, 149, 170, 180, 198]"
2703293050,5,"[0, 16, 16, 145, 145, 166, 166, 176, 176, 194]","[0, 16, 145, 166, 176, 194]"
2703293054,5,"[0, 20, 20, 154, 154, 162, 162, 183, 183, 201]","[0, 20, 154, 162, 183, 201]"
2707293030,5,"[0, 17, 17, 144, 144, 164, 164, 174, 174, 191]","[0, 17, 144, 164, 174, 191]"
2707293042,5,"[0, 12, 12, 131, 131, 155, 155, 165, 165, 182]","[0, 12, 131, 155, 165, 182]"
2707293050,5,"[0, 16, 16, 139, 139, 159, 159, 169, 169, 186]","[0, 16, 139, 159, 169, 186]"
2707293076,5,"[0, 17, 17, 143, 143, 164, 164, 174, 174, 197]","[0, 17, 143, 164, 174, 197]"
2707293108,5,"[0, 17, 17, 133, 133, 153, 153, 163, 163, 180]","[0, 17, 133, 153, 163, 180]"
2709292842,5,"[0, 17, 17, 128, 128, 149, 149, 159, 159, 177]","[0, 17, 128, 149, 159, 177]"
2709292850,5,"[0, 17, 17, 131, 131, 152, 152, 162, 162, 180]","[0, 17, 131, 152, 162, 180]"
2709292854,5,"[0, 20, 20, 139, 139, 158, 158, 169, 169, 187]","[0, 20, 139, 158, 169, 187]"
2709292858,5,"[0, 21, 21, 134, 134, 154, 154, 164, 164, 182]","[0, 21, 134, 154, 164, 182]"
2709292862,5,"[0, 5, 5, 114, 114, 135, 135, 145, 145, 163]","[0, 5, 114, 135, 145, 163]"
2717292802,5,"[0, 17, 17, 147, 147, 167, 167, 177, 177, 194]","[0, 17, 147, 167, 177, 194]"
2717292822,5,"[0, 5, 5, 129, 129, 149, 149, 159, 159, 176]","[0, 5, 129, 149, 159, 176]"
2717292834,5,"[0, 17, 17, 137, 137, 158, 158, 168, 168, 186]","[0, 17, 137, 158, 168, 186]"
2717292838,5,"[0, 20, 20, 144, 144, 165, 165, 175, 175, 193]","[0, 20, 144, 165, 175, 193]"
2717292858,5,"[0, 16, 16, 143, 143, 164, 164, 176, 176, 192]","[0, 16, 143, 164, 176, 192]"
2717292862,5,"[0, 18, 18, 140, 140, 161, 161, 171, 171, 189]","[0, 18, 140, 161, 171, 189]"
2911013960,5,"[0, 18, 18, 136, 136, 157, 157, 167, 167, 185]","[0, 18, 136, 157, 167, 185]"
2911013972,5,"[0, 17, 17, 140, 140, 160, 160, 170, 170, 187]","[0, 17, 140, 160, 170, 187]"
2911013976,5,"[0, 18, 18, 136, 136, 156, 156, 166, 166, 184]","[0, 18, 136, 156, 166, 184]"
2911013980,5,"[0, 20, 20, 137, 137, 158, 158, 169, 169, 186]","[0, 20, 137, 158, 169, 186]"
2911013992,5,"[0, 17, 17, 139, 139, 160, 160, 170, 170, 188]","[0, 17, 139, 160, 170, 188]"
2913014234,5,"[0, 11, 11, 127, 127, 148, 148, 159, 159, 176]","[0, 11, 127, 148, 159, 176]"
2915014054,5,"[0, 19, 19, 117, 117, 138, 138, 147, 147, 164]","[0, 19, 117, 138, 147, 164]"
2917014230,5,"[0, 17, 17, 139, 139, 160, 160, 170, 170, 263]","[0, 17, 139, 160, 170, 263]"
2917014250,5,"[0, 18, 18, 139, 139, 160, 160, 168, 168, 193]","[0, 18, 139, 160, 168, 193]"
2917014266,5,"[0, 6, 6, 130, 130, 150, 150, 160, 160, 178]","[0, 6, 130, 150, 160, 178]"
2917014270,5,"[0, 20, 20, 141, 141, 162, 162, 173, 173, 190]","[0, 20, 141, 162, 173, 190]"
2919013980,5,"[0, 20, 20, 144, 144, 163, 163, 174, 174, 191]","[0, 20, 144, 163, 174, 191]"
2921014246,5,"[0, 17, 17, 141, 141, 161, 161, 171, 171, 188]","[0, 17, 141, 161, 171, 188]"
2921014258,5,"[0, 17, 17, 137, 137, 158, 158, 168, 168, 186]","[0, 17, 137, 158, 168, 186]"
2921014270,5,"[0, 17, 17, 139, 139, 160, 160, 170, 170, 188]","[0, 17, 139, 160, 170, 188]"
2939014292,5,"[0, 19, 19, 137, 137, 157, 157, 164, 164, 184]","[0, 19, 137, 157, 164, 184]"
2939014300,5,"[0, 18, 18, 133, 133, 154, 154, 165, 165, 187]","[0, 18, 133, 154, 165, 187]"
2941014078,5,"[0, 20, 20, 133, 133, 154, 154, 164, 164, 182]","[0, 20, 133, 154, 164, 182]"
2975014144,5,"[0, 17, 17, 135, 135, 156, 156, 165, 165, 183]","[0, 17, 135, 156, 165, 183]"
2975014148,5,"[0, 17, 17, 136, 136, 156, 156, 166, 166, 183]","[0, 17, 136, 156, 166, 183]"
2975014152,5,"[0, 18, 18, 133, 133, 154, 154, 164, 164, 181]","[0, 18, 133, 154, 164, 181]"
2975014168,5,"[0, 11, 11, 140, 140, 160, 160, 170, 170, 188]","[0, 11, 140, 160, 170, 188]"
2975014172,5,"[0, 18, 18, 134, 134, 155, 155, 165, 165, 182]","[0, 18, 134, 155, 165, 182]"
2975014184,5,"[0, 37, 37, 154, 154, 174, 174, 184, 184, 201]","[0, 37, 154, 174, 184, 201]"
2975014188,5,"[0, 9, 9, 124, 124, 145, 145, 155, 155, 172]","[0, 9, 124, 145, 155, 172]"
2975014374,5,"[0, 17, 17, 134, 134, 155, 155, 168, 168, 182]","[0, 17, 134, 155, 168, 182]"
2977014368,5,"[0, 29, 29, 155, 155, 175, 175, 185, 185, 202]","[0, 29, 155, 175, 185, 202]"
2977014380,5,"[0, 17, 17, 135, 135, 154, 154, 165, 165, 180]","[0, 17, 135, 154, 165, 180]"
2977014410,5,"[0, 16, 16, 133, 133, 156, 156, 166, 166, 183]","[0, 16, 133, 156, 166, 183]"
2979014144,5,"[0, 17, 17, 132, 132, 153, 153, 164, 164, 180]","[0, 17, 132, 153, 164, 180]"
2979014148,5,"[0, 20, 20, 135, 135, 156, 156, 167, 167, 183]","[0, 20, 135, 156, 167, 183]"
2979014152,5,"[0, 20, 20, 141, 141, 161, 161, 171, 171, 188]","[0, 20, 141, 161, 171, 188]"
2979014164,5,"[0, 19, 19, 136, 136, 158, 158, 169, 169, 186]","[0, 19, 136, 158, 169, 186]"
2979014168,5,"[0, 17, 17, 134, 134, 156, 156, 167, 167, 184]","[0, 17, 134, 156, 167, 184]"
2979014180,5,"[0, 16, 16, 132, 132, 152, 152, 162, 162, 178]","[0, 16, 132, 152, 162, 178]"
2979014184,5,"[0, 20, 20, 137, 137, 160, 160, 170, 170, 186]","[0, 20, 137, 160, 170, 186]"
2979014196,5,"[0, 16, 16, 132, 132, 153, 153, 164, 164, 181]","[0, 16, 132, 153, 164, 181]"
2981014384,5,"[0, 10, 10, 125, 125, 146, 146, 157, 157, 173]","[0, 10, 125, 146, 157, 173]"
2981014388,5,"[0, 21, 21, 140, 140, 160, 160, 168, 168, 187]","[0, 21, 140, 160, 168, 187]"
2981014396,5,"[0, 18, 18, 133, 133, 154, 154, 164, 164, 180]","[0, 18, 133, 154, 164, 180]"
2981014410,5,"[0, 18, 18, 135, 135, 154, 154, 165, 165, 181]","[0, 18, 135, 154, 165, 181]"
2981014422,5,"[0, 20, 20, 136, 136, 157, 157, 167, 167, 185]","[0, 20, 136, 157, 167, 185]"
2981014426,5,"[0, 10, 10, 135, 135, 155, 155, 165, 165, 179]","[0, 10, 135, 155, 165, 179]"
2983014200,5,"[0, 17, 17, 133, 133, 153, 153, 163, 163, 179]","[0, 17, 133, 153, 163, 179]"
2985014384,5,"[0, 18, 18, 134, 134, 154, 154, 164, 164, 181]","[0, 18, 134, 154, 164, 181]"
2985014392,5,"[0, 20, 20, 134, 134, 156, 156, 167, 167, 183]","[0, 20, 134, 156, 167, 183]"
2985014402,5,"[0, 5, 5, 118, 118, 141, 141, 150, 150, 168]","[0, 5, 118, 141, 150, 168]"
2985014414,5,"[0, 21, 21, 144, 144, 165, 165, 174, 174, 193]","[0, 21, 144, 165, 174, 193]"
2985014422,5,"[0, 17, 17, 139, 139, 160, 160, 169, 169, 187]","[0, 17, 139, 160, 169, 187]"
2985014426,5,"[0, 18, 18, 134, 134, 154, 154, 164, 164, 180]","[0, 18, 134, 154, 164, 180]"
2985014454,5,"[0, 17, 17, 133, 133, 153, 153, 163, 163, 180]","[0, 17, 133, 153, 163, 180]"
2985014462,5,"[0, 17, 17, 132, 132, 153, 153, 164, 164, 181]","[0, 17, 132, 153, 164, 181]"
2987014184,5,"[0, 18, 18, 137, 137, 158, 158, 168, 168, 186]","[0, 18, 137, 158, 168, 186]"
2987014192,5,"[0, 18, 18, 137, 137, 158, 158, 169, 169, 186]","[0, 18, 137, 158, 169, 186]"
2989014348,5,"[0, 20, 20, 138, 138, 157, 157, 168, 168, 185]","[0, 20, 138, 157, 168, 185]"
2999014314,5,"[0, 17, 17, 134, 134, 154, 154, 166, 166, 181]","[0, 17, 134, 154, 166, 181]"
3005014324,5,"[0, 19, 19, 136, 136, 157, 157, 168, 168, 185]","[0, 19, 136, 157, 168, 185]"
3005014526,5,"[0, 16, 16, 136, 136, 157, 157, 167, 167, 184]","[0, 16, 136, 157, 167, 184]"
3009014470,5,"[0, 17, 17, 134, 134, 154, 154, 164, 164, 181]","[0, 17, 134, 154, 164, 181]"
3009014494,5,"[0, 19, 19, 134, 134, 156, 156, 166, 166, 183]","[0, 19, 134, 156, 166, 183]"
3011014228,5,"[0, 16, 16, 134, 134, 155, 155, 166, 166, 183]","[0, 16, 134, 155, 166, 183]"
3011014278,5,"[0, 17, 17, 133, 133, 154, 154, 164, 164, 182]","[0, 17, 133, 154, 164, 182]"
3013014292,5,"[0, 17, 17, 133, 133, 154, 154, 164, 164, 181]","[0, 17, 133, 154, 164, 181]"
3013014296,5,"[0, 18, 18, 137, 137, 158, 158, 168, 168, 185]","[0, 18, 137, 158, 168, 185]"
3013014490,5,"[0, 17, 17, 134, 134, 155, 155, 165, 165, 182]","[0, 17, 134, 155, 165, 182]"
3013014506,5,"[0, 18, 18, 138, 138, 157, 157, 168, 168, 184]","[0, 18, 138, 157, 168, 184]"
3015014208,5,"[0, 18, 18, 136, 136, 155, 155, 166, 166, 183]","[0, 18, 136, 155, 166, 183]"
3015014248,5,"[0, 20, 20, 136, 136, 157, 157, 168, 168, 185]","[0, 20, 136, 157, 168, 185]"
3015014252,5,"[0, 16, 16, 131, 131, 152, 152, 162, 162, 179]","[0, 16, 131, 152, 162, 179]"
3015014268,5,"[0, 15, 15, 133, 133, 154, 154, 165, 165, 181]","[0, 15, 133, 154, 165, 181]"
3015014294,5,"[0, 17, 17, 134, 134, 154, 154, 164, 164, 182]","[0, 17, 134, 154, 164, 182]"
3015014302,5,"[0, 20, 20, 137, 137, 158, 158, 168, 168, 186]","[0, 20, 137, 158, 168, 186]"
3017014276,5,"[0, 20, 20, 139, 139, 160, 160, 170, 170, 187]","[0, 20, 139, 160, 170, 187]"
3017014288,5,"[0, 18, 18, 135, 135, 156, 156, 167, 167, 184]","[0, 18, 135, 156, 167, 184]"
3017014292,5,"[0, 17, 17, 133, 133, 153, 153, 163, 163, 180]","[0, 17, 133, 153, 163, 180]"
3017014296,5,"[0, 17, 17, 137, 137, 158, 158, 168, 168, 185]","[0, 17, 137, 158, 168, 185]"
3017014300,5,"[0, 17, 17, 135, 135, 155, 155, 165, 165, 182]","[0, 17, 135, 155, 165, 182]"
3017014470,5,"[0, 18, 18, 134, 134, 155, 155, 165, 165, 183]","[0, 18, 134, 155, 165, 183]"
3017014498,5,"[0, 16, 16, 134, 134, 155, 155, 165, 165, 183]","[0, 16, 134, 155, 165, 183]"
3017014506,5,"[0, 20, 20, 140, 140, 161, 161, 172, 172, 188]","[0, 20, 140, 161, 172, 188]"
3017014514,5,"[0, 20, 20, 140, 140, 160, 160, 170, 170, 187]","[0, 20, 140, 160, 170, 187]"
3017014522,5,"[0, 18, 18, 137, 137, 158, 158, 168, 168, 186]","[0, 18, 137, 158, 168, 186]"
3021014274,5,"[0, 19, 19, 138, 138, 157, 157, 168, 168, 190]","[0, 19, 138, 157, 168, 190]"
3021014286,5,"[0, 17, 17, 135, 135, 156, 156, 166, 166, 184]","[0, 17, 135, 156, 166, 184]"
3021014306,5,"[0, 17, 17, 133, 133, 154, 154, 165, 165, 182]","[0, 17, 133, 154, 165, 182]"
3021014318,5,"[0, 17, 17, 132, 132, 153, 153, 164, 164, 182]","[0, 17, 132, 153, 164, 182]"
3021014508,5,"[0, 18, 18, 119, 119, 151, 151, 161, 161, 177]","[0, 18, 119, 151, 161, 177]"
3023014506,5,"[0, 2, 2, 134, 134, 155, 155, 165, 165, 182]","[0, 2, 134, 155, 165, 182]"
3023014514,5,"[0, 17, 17, 135, 135, 156, 156, 166, 166, 183]","[0, 17, 135, 156, 166, 183]"
3023014518,5,"[0, 16, 16, 133, 133, 154, 154, 164, 164, 189]","[0, 16, 133, 154, 164, 189]"
3023014526,5,"[0, 10, 10, 127, 127, 146, 146, 157, 157, 175]","[0, 10, 127, 146, 157, 175]"
3023014536,5,"[0, 9, 9, 127, 127, 148, 148, 158, 158, 176]","[0, 9, 127, 148, 158, 176]"
3023014548,5,"[0, 16, 16, 133, 133, 154, 154, 164, 164, 186]","[0, 16, 133, 154, 164, 186]"
3023014552,5,"[0, 17, 17, 132, 132, 152, 152, 163, 163, 180]","[0, 17, 132, 152, 163, 180]"
3025014278,5,"[0, 20, 20, 140, 140, 160, 160, 170, 170, 187]","[0, 20, 140, 160, 170, 187]"
3025014282,5,"[0, 20, 20, 138, 138, 158, 158, 168, 168, 185]","[0, 20, 138, 158, 168, 185]"
3025014286,5,"[0, 17, 17, 135, 135, 155, 155, 166, 166, 177]","[0, 17, 135, 155, 166, 177]"
3025014294,5,"[0, 13, 13, 136, 136, 154, 154, 165, 165, 182]","[0, 13, 136, 154, 165, 182]"
3025014302,5,"[0, 17, 17, 136, 136, 156, 156, 166, 166, 183]","[0, 17, 136, 156, 166, 183]"
3027014502,5,"[0, 16, 16, 134, 134, 149, 149, 169, 169, 186]","[0, 16, 134, 149, 169, 186]"
3027014522,5,"[0, 17, 17, 134, 134, 155, 155, 165, 165, 182]","[0, 17, 134, 155, 165, 182]"
3027014528,5,"[0, 17, 17, 137, 137, 157, 157, 167, 167, 183]","[0, 17, 137, 157, 167, 183]"
3027014544,5,"[0, 17, 17, 138, 138, 159, 159, 170, 170, 184]","[0, 17, 138, 159, 170, 184]"
3027014564,5,"[0, 13, 13, 132, 132, 152, 152, 164, 164, 179]","[0, 13, 132, 152, 164, 179]"
3027014588,5,"[0, 20, 20, 137, 137, 158, 158, 168, 168, 185]","[0, 20, 137, 158, 168, 185]"
3029014274,5,"[0, 18, 18, 141, 141, 161, 161, 171, 171, 188]","[0, 18, 141, 161, 171, 188]"
3029014330,5,"[0, 17, 17, 133, 133, 154, 154, 164, 164, 182]","[0, 17, 133, 154, 164, 182]"
3029014464,5,"[0, 5, 5, 120, 120, 139, 139, 144, 144, 156]","[0, 5, 120, 139, 144, 156]"
3029014468,5,"[0, 20, 20, 140, 140, 161, 161, 171, 171, 187]","[0, 20, 140, 161, 171, 187]"
3029014472,5,"[0, 15, 15, 131, 131, 150, 150, 161, 161, 178]","[0, 15, 131, 150, 161, 178]"
3029014476,5,"[0, 18, 18, 136, 136, 157, 157, 166, 166, 184]","[0, 18, 136, 157, 166, 184]"
3031014466,5,"[0, 17, 17, 134, 134, 153, 153, 159, 159, 166]","[0, 17, 134, 153, 159, 166]"
3031014528,5,"[0, 16, 16, 130, 130, 150, 150, 160, 160, 177]","[0, 16, 130, 150, 160, 177]"
3031014536,5,"[0, 18, 18, 135, 135, 156, 156, 166, 166, 183]","[0, 18, 135, 156, 166, 183]"
3031014540,5,"[0, 17, 17, 129, 129, 150, 150, 161, 161, 177]","[0, 17, 129, 150, 161, 177]"
3031014568,5,"[0, 17, 17, 138, 138, 157, 157, 168, 168, 185]","[0, 17, 138, 157, 168, 185]"
3031014580,5,"[0, 17, 17, 137, 137, 157, 157, 167, 167, 184]","[0, 17, 137, 157, 167, 184]"
3031014584,5,"[0, 20, 20, 143, 143, 164, 164, 174, 174, 191]","[0, 20, 143, 164, 174, 191]"
3033014286,5,"[0, 21, 21, 139, 139, 160, 160, 170, 170, 187]","[0, 21, 139, 160, 170, 187]"
3033014306,5,"[0, 18, 18, 138, 138, 158, 158, 168, 168, 185]","[0, 18, 138, 158, 168, 185]"
3033014314,5,"[0, 17, 17, 126, 126, 147, 147, 157, 157, 175]","[0, 17, 126, 147, 157, 175]"
3033014326,5,"[0, 17, 17, 129, 129, 150, 150, 161, 161, 178]","[0, 17, 129, 150, 161, 178]"
3033014464,5,"[0, 5, 5, 124, 124, 144, 144, 154, 154, 171]","[0, 5, 124, 144, 154, 171]"
3035014490,5,"[0, 16, 16, 132, 132, 153, 153, 163, 163, 181]","[0, 16, 132, 153, 163, 181]"
3037014298,5,"[0, 18, 18, 139, 139, 158, 158, 169, 169, 187]","[0, 18, 139, 158, 169, 187]"
3037014334,5,"[0, 19, 19, 135, 135, 156, 156, 166, 166, 183]","[0, 19, 135, 156, 166, 183]"
3037014480,5,"[0, 17, 17, 132, 132, 154, 154, 164, 164, 181]","[0, 17, 132, 154, 164, 181]"
3037014488,5,"[0, 20, 20, 135, 135, 156, 156, 166, 166, 183]","[0, 20, 135, 156, 166, 183]"
3621681198,5,"[0, 17, 17, 141, 141, 161, 161, 171, 171, 188]","[0, 17, 141, 161, 171, 188]"
3621681356,5,"[0, 19, 19, 140, 140, 160, 160, 170, 170, 187]","[0, 19, 140, 160, 170, 187]"
3623681090,5,"[0, 6, 6, 130, 130, 150, 150, 161, 161, 178]","[0, 6, 130, 150, 161, 178]"
3623681102,5,"[0, 20, 20, 148, 148, 169, 169, 179, 179, 196]","[0, 20, 148, 169, 179, 196]"
3623681106,5,"[0, 19, 19, 142, 142, 163, 163, 174, 174, 191]","[0, 19, 142, 163, 174, 191]"
3623681110,5,"[0, 16, 16, 141, 141, 162, 162, 173, 173, 190]","[0, 16, 141, 162, 173, 190]"
3623681118,5,"[0, 12, 12, 135, 135, 156, 156, 166, 166, 183]","[0, 12, 135, 156, 166, 183]"
3623681122,5,"[0, 10, 10, 130, 130, 151, 151, 161, 161, 178]","[0, 10, 130, 151, 161, 178]"
3623681126,5,"[0, 5, 5, 127, 127, 148, 148, 159, 159, 176]","[0, 5, 127, 148, 159, 176]"
3623681134,5,"[0, 16, 16, 140, 140, 161, 161, 171, 171, 189]","[0, 16, 140, 161, 171, 189]"
3623681184,5,"[0, 18, 18, 141, 141, 163, 163, 173, 173, 190]","[0, 18, 141, 163, 173, 190]"
3623681188,5,"[0, 19, 19, 138, 138, 158, 158, 168, 168, 186]","[0, 19, 138, 158, 168, 186]"
3623681204,5,"[0, 17, 17, 144, 144, 164, 164, 174, 174, 192]","[0, 17, 144, 164, 174, 192]"
3625681202,5,"[0, 18, 18, 138, 138, 159, 159, 169, 169, 186]","[0, 18, 138, 159, 169, 186]"
3625681344,5,"[0, 20, 20, 141, 141, 160, 160, 171, 171, 187]","[0, 20, 141, 160, 171, 187]"
3625681348,5,"[0, 5, 5, 124, 124, 144, 144, 155, 155, 171]","[0, 5, 124, 144, 155, 171]"
3625681356,5,"[0, 28, 28, 153, 153, 174, 174, 184, 184, 202]","[0, 28, 153, 174, 184, 202]"
3625681388,5,"[0, 8, 8, 138, 138, 158, 158, 169, 169, 192]","[0, 8, 138, 158, 169, 192]"
3625681392,5,"[0, 17, 17, 139, 139, 160, 160, 170, 170, 187]","[0, 17, 139, 160, 170, 187]"
3625681404,5,"[0, 20, 20, 147, 147, 168, 168, 178, 178, 195]","[0, 20, 147, 168, 178, 195]"
3627681150,5,"[0, 19, 19, 134, 134, 147, 147, 155, 155, 173]","[0, 19, 134, 147, 155, 173]"
3834719080,5,"[0, 20, 20, 145, 145, 166, 166, 177, 177, 194]","[0, 20, 145, 166, 177, 194]"
3844719152,5,"[0, 20, 20, 141, 141, 160, 160, 171, 171, 188]","[0, 20, 141, 160, 171, 188]"
3846719084,5,"[0, 14, 14, 140, 140, 161, 161, 169, 169, 189]","[0, 14, 140, 161, 169, 189]"
3846719092,5,"[0, 5, 5, 135, 135, 156, 156, 166, 166, 184]","[0, 5, 135, 156, 166, 184]"
3846719100,5,"[0, 5, 5, 134, 134, 155, 155, 165, 165, 182]","[0, 5, 134, 155, 165, 182]"
4167773542,5,"[0, 17, 17, 141, 141, 162, 162, 173, 173, 190]","[0, 17, 141, 162, 173, 190]"
4167773568,5,"[0, 9, 9, 132, 132, 153, 153, 163, 163, 180]","[0, 9, 132, 153, 163, 180]"
4167773572,5,"[0, 12, 12, 150, 150, 171, 171, 181, 181, 198]","[0, 12, 150, 171, 181, 198]"
4167773580,3,"[0, 19, 19, 145, 145, 151]","[0, 19, 145, 151]"
4167773604,5,"[0, 5, 5, 125, 125, 144, 144, 154, 154, 169]","[0, 5, 125, 144, 154, 169]"
4169773318,5,"[0, 20, 20, 144, 144, 165, 165, 175, 175, 193]","[0, 20, 144, 165, 175, 193]"
4169773334,5,"[0, 17, 17, 145, 145, 166, 166, 175, 175, 194]","[0, 17, 145, 166, 175, 194]"
4171773558,5,"[0, 19, 19, 147, 147, 168, 168, 178, 178, 196]","[0, 19, 147, 168, 178, 196]"
4171773580,5,"[0, 17, 17, 143, 143, 163, 163, 173, 173, 191]","[0, 17, 143, 163, 173, 191]"
4171773584,5,"[0, 18, 18, 145, 145, 160, 160, 176, 176, 193]","[0, 18, 145, 160, 176, 193]"
4171773596,5,"[0, 17, 17, 142, 142, 163, 163, 173, 173, 191]","[0, 17, 142, 163, 173, 191]"
4171773608,5,"[0, 16, 16, 141, 141, 162, 162, 175, 175, 190]","[0, 16, 141, 162, 175, 190]"
4171773612,5,"[0, 17, 17, 142, 142, 162, 162, 173, 173, 190]","[0, 17, 142, 162, 173, 190]"
4171773620,5,"[0, 19, 19, 146, 146, 167, 167, 177, 177, 195]","[0, 19, 146, 167, 177, 195]"
4173773318,5,"[0, 20, 20, 147, 147, 167, 167, 177, 177, 194]","[0, 20, 147, 167, 177, 194]"
4173773326,5,"[0, 17, 17, 142, 142, 163, 163, 173, 173, 190]","[0, 17, 142, 163, 173, 190]"
4173773330,5,"[0, 20, 20, 153, 153, 172, 172, 183, 183, 200]","[0, 20, 153, 172, 183, 200]"
4173773362,5,"[0, 17, 17, 141, 141, 161, 161, 173, 173, 191]","[0, 17, 141, 161, 173, 191]"
4173773370,5,"[0, 20, 20, 148, 148, 168, 168, 178, 178, 195]","[0, 20, 148, 168, 178, 195]"
4175773538,5,"[0, 11, 11, 134, 134, 155, 155, 165, 165, 183]","[0, 11, 134, 155, 165, 183]"
4175773554,5,"[0, 23, 23, 149, 149, 168, 168, 178, 178, 196]","[0, 23, 149, 168, 178, 196]"
4175773558,5,"[0, 17, 17, 142, 142, 163, 163, 173, 173, 191]","[0, 17, 142, 163, 173, 191]"
4175773562,5,"[0, 16, 16, 136, 136, 156, 156, 165, 165, 183]","[0, 16, 136, 156, 165, 183]"
4175773568,5,"[0, 16, 16, 138, 138, 159, 159, 169, 169, 187]","[0, 16, 138, 159, 169, 187]"
4175773572,5,"[0, 17, 17, 143, 143, 162, 162, 173, 173, 190]","[0, 17, 143, 162, 173, 190]"
4175773600,5,"[0, 16, 16, 142, 142, 161, 161, 172, 172, 189]","[0, 16, 142, 161, 172, 189]"
4175773624,5,"[0, 17, 17, 144, 144, 163, 163, 177, 177, 192]","[0, 17, 144, 163, 177, 192]"
4177773326,5,"[0, 17, 17, 134, 134, 155, 155, 166, 166, 183]","[0, 17, 134, 155, 166, 183]"
4177773330,5,"[0, 13, 13, 141, 141, 162, 162, 172, 172, 190]","[0, 13, 141, 162, 172, 190]"
4177773350,5,"[0, 18, 18, 143, 143, 164, 164, 173, 173, 192]","[0, 18, 143, 164, 173, 192]"
4177773362,5,"[0, 18, 18, 138, 138, 159, 159, 170, 170, 187]","[0, 18, 138, 159, 170, 187]"
4177773374,5,"[0, 16, 16, 141, 141, 162, 162, 172, 172, 189]","[0, 16, 141, 162, 172, 189]"
4177773560,5,"[0, 17, 17, 139, 139, 160, 160, 170, 170, 188]","[0, 17, 139, 160, 170, 188]"
4179773506,5,"[0, 17, 17, 140, 140, 161, 161, 171, 171, 189]","[0, 17, 140, 161, 171, 189]"
4179773518,5,"[0, 18, 18, 141, 141, 161, 161, 171, 171, 187]","[0, 18, 141, 161, 171, 187]"
4179773576,5,"[0, 22, 22, 147, 147, 168, 168, 178, 178, 196]","[0, 22, 147, 168, 178, 196]"
4179773580,5,"[0, 20, 20, 142, 142, 162, 162, 172, 172, 189]","[0, 20, 142, 162, 172, 189]"
4179773596,5,"[0, 17, 17, 139, 139, 160, 160, 171, 171, 188]","[0, 17, 139, 160, 171, 188]"
4179773604,5,"[0, 17, 17, 142, 142, 162, 162, 172, 172, 190]","[0, 17, 142, 162, 172, 190]"
4179773608,5,"[0, 21, 21, 145, 145, 166, 166, 176, 176, 194]","[0, 21, 145, 166, 176, 194]"
4181773318,5,"[0, 20, 20, 144, 144, 163, 163, 173, 173, 191]","[0, 20, 144, 163, 173, 191]"
4181773358,5,"[0, 17, 17, 138, 138, 163, 163, 173, 173, 190]","[0, 17, 138, 163, 173, 190]"
4181773366,5,"[0, 17, 17, 141, 141, 160, 160, 171, 171, 188]","[0, 17, 141, 160, 171, 188]"
4181773512,5,"[0, 6, 6, 123, 123, 144, 144, 154, 154, 171]","[0, 6, 123, 144, 154, 171]"
4187773526,5,"[0, 17, 17, 134, 134, 155, 155, 164, 164, 183]","[0, 17, 134, 155, 164, 183]"
4187773530,5,"[0, 17, 17, 136, 136, 157, 157, 167, 167, 185]","[0, 17, 136, 157, 167, 185]"
4187773534,5,"[0, 21, 21, 148, 148, 164, 164, 178, 178, 196]","[0, 21, 148, 164, 178, 196]"
4189773390,5,"[0, 20, 20, 137, 137, 157, 157, 167, 167, 184]","[0, 20, 137, 157, 167, 184]"
4189773398,5,"[0, 17, 17, 136, 136, 157, 157, 167, 167, 185]","[0, 17, 136, 157, 167, 185]"
4189773402,5,"[0, 20, 20, 117, 117, 159, 159, 170, 170, 187]","[0, 20, 117, 159, 170, 187]"
4189773414,5,"[0, 20, 20, 136, 136, 157, 157, 167, 167, 185]","[0, 20, 136, 157, 167, 185]"
4189773480,5,"[0, 20, 20, 141, 141, 160, 160, 171, 171, 188]","[0, 20, 141, 160, 171, 188]"
4199773454,5,"[0, 17, 17, 129, 129, 150, 150, 161, 161, 178]","[0, 17, 129, 150, 161, 178]"
4199773466,5,"[0, 18, 18, 139, 139, 158, 158, 168, 168, 186]","[0, 18, 139, 158, 168, 186]"
4199773636,5,"[0, 31, 31, 151, 151, 172, 172, 182, 182, 198]","[0, 31, 151, 172, 182, 198]"
4199773684,5,"[0, 18, 18, 136, 136, 157, 157, 167, 167, 184]","[0, 18, 136, 157, 167, 184]"
4199773692,5,"[0, 14, 14, 135, 135, 156, 156, 165, 165, 184]","[0, 14, 135, 156, 165, 184]"
4201773390,5,"[0, 19, 19, 135, 135, 155, 155, 165, 165, 185]","[0, 19, 135, 155, 165, 185]"
4201773406,5,"[0, 17, 17, 135, 135, 155, 155, 165, 165, 182]","[0, 17, 135, 155, 165, 182]"
4201773434,5,"[0, 22, 22, 135, 135, 156, 156, 166, 166, 182]","[0, 22, 135, 156, 166, 182]"
4201773438,5,"[0, 17, 17, 137, 137, 158, 158, 168, 168, 185]","[0, 17, 137, 158, 168, 185]"
4201773444,5,"[0, 16, 16, 131, 131, 151, 151, 161, 161, 177]","[0, 16, 131, 151, 161, 177]"
4203773450,5,"[0, 18, 18, 132, 132, 153, 153, 163, 163, 182]","[0, 18, 132, 153, 163, 182]"
4203773632,5,"[0, 18, 18, 138, 138, 157, 157, 168, 168, 186]","[0, 18, 138, 157, 168, 186]"
4203773640,5,"[0, 17, 17, 140, 140, 161, 161, 171, 171, 188]","[0, 17, 140, 161, 171, 188]"
4203773652,5,"[0, 17, 17, 134, 134, 153, 153, 164, 164, 181]","[0, 17, 134, 153, 164, 181]"
4203773692,5,"[0, 17, 17, 138, 138, 158, 158, 168, 168, 186]","[0, 17, 138, 158, 168, 186]"
4207773458,5,"[0, 17, 17, 137, 137, 158, 158, 168, 168, 186]","[0, 17, 137, 158, 168, 186]"
4207773470,5,"[0, 20, 20, 145, 145, 165, 165, 175, 175, 193]","[0, 20, 145, 165, 175, 193]"
4207773656,5,"[0, 17, 17, 140, 140, 161, 161, 174, 174, 189]","[0, 17, 140, 161, 174, 189]"
4207773660,5,"[0, 16, 16, 136, 136, 158, 158, 168, 168, 186]","[0, 16, 136, 158, 168, 186]"
4207773668,5,"[0, 17, 17, 142, 142, 162, 162, 172, 172, 189]","[0, 17, 142, 162, 172, 189]"
4207773688,5,"[0, 20, 20, 147, 147, 167, 167, 177, 177, 193]","[0, 20, 147, 167, 177, 193]"
4209773410,5,"[0, 18, 18, 134, 134, 155, 155, 166, 166, 183]","[0, 18, 134, 155, 166, 183]"
4209773418,5,"[0, 18, 18, 137, 137, 158, 158, 168, 168, 185]","[0, 18, 137, 158, 168, 185]"
4209773434,5,"[0, 6, 6, 115, 115, 142, 142, 147, 147, 170]","[0, 6, 115, 142, 147, 170]"
4211773444,5,"[0, 17, 17, 135, 135, 156, 156, 167, 167, 184]","[0, 17, 135, 156, 167, 184]"
4211773448,5,"[0, 16, 16, 135, 135, 155, 155, 165, 165, 183]","[0, 16, 135, 155, 165, 183]"
4211773456,5,"[0, 18, 18, 140, 140, 161, 161, 171, 171, 188]","[0, 18, 140, 161, 171, 188]"
4211773464,5,"[0, 17, 17, 139, 139, 158, 158, 169, 169, 186]","[0, 17, 139, 158, 169, 186]"
4211773476,5,"[0, 17, 17, 139, 139, 159, 159, 169, 169, 186]","[0, 17, 139, 159, 169, 186]"
4211773670,5,"[0, 18, 18, 136, 136, 157, 157, 167, 167, 185]","[0, 18, 136, 157, 167, 185]"
4211773694,5,"[0, 19, 19, 136, 136, 157, 157, 167, 167, 185]","[0, 19, 136, 157, 167, 185]"
4213773664,5,"[0, 14, 14, 139, 139, 160, 160, 171, 171, 187]","[0, 14, 139, 160, 171, 187]"
4213773668,5,"[0, 17, 17, 134, 134, 155, 155, 165, 165, 183]","[0, 17, 134, 155, 165, 183]"
4213773698,5,"[0, 15, 15, 134, 134, 154, 154, 165, 165, 182]","[0, 15, 134, 154, 165, 182]"
4213773710,5,"[0, 15, 15, 139, 139, 160, 160, 170, 170, 188]","[0, 15, 139, 160, 170, 188]"
4213773714,5,"[0, 17, 17, 133, 133, 154, 154, 164, 164, 181]","[0, 17, 133, 154, 164, 181]"
4213773718,5,"[0, 17, 17, 142, 142, 163, 163, 173, 173, 189]","[0, 17, 142, 163, 173, 189]"
4213773722,5,"[0, 18, 18, 136, 136, 155, 155, 166, 166, 175]","[0, 18, 136, 155, 166, 175]"
4213773734,5,"[0, 9, 9, 127, 127, 147, 147, 157, 157, 175]","[0, 9, 127, 147, 157, 175]"
4213773738,5,"[0, 19, 19, 134, 134, 147, 147, 150, 150, 174]","[0, 19, 134, 147, 150, 174]"
4213773746,5,"[0, 16, 16, 135, 135, 155, 155, 165, 165, 182]","[0, 16, 135, 155, 165, 182]"
4217773684,5,"[0, 19, 19, 143, 143, 164, 164, 175, 175, 192]","[0, 19, 143, 164, 175, 192]"
4217773688,5,"[0, 17, 17, 141, 141, 160, 160, 171, 171, 188]","[0, 17, 141, 160, 171, 188]"
4219773440,5,"[0, 18, 18, 143, 143, 163, 163, 172, 172, 191]","[0, 18, 143, 163, 172, 191]"
4219773444,5,"[0, 18, 18, 142, 142, 162, 162, 172, 172, 189]","[0, 18, 142, 162, 172, 189]"
4219773448,5,"[0, 19, 19, 146, 146, 163, 163, 176, 176, 193]","[0, 19, 146, 163, 176, 193]"
4219773452,5,"[0, 19, 19, 144, 144, 164, 164, 176, 176, 191]","[0, 19, 144, 164, 176, 191]"
4219773492,5,"[0, 18, 18, 139, 139, 160, 160, 170, 170, 187]","[0, 18, 139, 160, 170, 187]"
4219773496,5,"[0, 5, 5, 125, 125, 146, 146, 157, 157, 173]","[0, 5, 125, 146, 157, 173]"
4219773694,5,"[0, 13, 13, 132, 132, 149, 149, 164, 164, 181]","[0, 13, 132, 149, 164, 181]"
4221773640,5,"[0, 18, 18, 142, 142, 161, 161, 172, 172, 189]","[0, 18, 142, 161, 172, 189]"
4221773702,5,"[0, 16, 16, 142, 142, 162, 162, 172, 172, 190]","[0, 16, 142, 162, 172, 190]"
4221773722,5,"[0, 17, 17, 143, 143, 163, 163, 173, 173, 191]","[0, 17, 143, 163, 173, 191]"
4223773444,5,"[0, 18, 18, 147, 147, 164, 164, 178, 178, 195]","[0, 18, 147, 164, 178, 195]"
4223773448,5,"[0, 19, 19, 142, 142, 167, 167, 175, 175, 195]","[0, 19, 142, 167, 175, 195]"
4223773452,5,"[0, 20, 20, 139, 139, 158, 158, 168, 168, 186]","[0, 20, 139, 158, 168, 186]"
4223773476,5,"[0, 15, 15, 146, 146, 166, 166, 178, 178, 195]","[0, 15, 146, 166, 178, 195]"
4223773480,5,"[0, 19, 19, 104, 104, 125, 125, 135, 135, 153]","[0, 19, 104, 125, 135, 153]"
4223773484,5,"[0, 17, 17, 149, 149, 169, 169, 179, 179, 197]","[0, 17, 149, 169, 179, 197]"
4225773644,5,"[0, 8, 8, 137, 137, 157, 157, 167, 167, 185]","[0, 8, 137, 157, 167, 185]"
4225773652,5,"[0, 18, 18, 142, 142, 163, 163, 174, 174, 192]","[0, 18, 142, 163, 174, 192]"
4225773702,5,"[0, 13, 13, 135, 135, 156, 156, 165, 165, 183]","[0, 13, 135, 156, 165, 183]"
4225773730,5,"[0, 20, 20, 143, 143, 163, 163, 173, 173, 190]","[0, 20, 143, 163, 173, 190]"
4225773738,5,"[0, 17, 17, 144, 144, 164, 164, 173, 173, 191]","[0, 17, 144, 164, 173, 191]"
4225773746,5,"[0, 17, 17, 142, 142, 162, 162, 173, 173, 189]","[0, 17, 142, 162, 173, 189]"
4225773750,5,"[0, 13, 13, 142, 142, 163, 163, 173, 173, 191]","[0, 13, 142, 163, 173, 191]"
4227773484,5,"[0, 16, 16, 141, 141, 165, 165, 176, 176, 194]","[0, 16, 141, 165, 176, 194]"
4227773492,5,"[0, 17, 17, 149, 149, 170, 170, 181, 181, 198]","[0, 17, 149, 170, 181, 198]"
4227773500,5,"[0, 19, 19, 149, 149, 169, 169, 179, 179, 196]","[0, 19, 149, 169, 179, 196]"
4229773652,5,"[0, 18, 18, 127, 127, 164, 164, 174, 174, 191]","[0, 18, 127, 164, 174, 191]"
4229773698,5,"[0, 10, 10, 132, 132, 155, 155, 165, 165, 183]","[0, 10, 132, 155, 165, 183]"
4229773718,5,"[0, 20, 20, 140, 140, 162, 162, 173, 173, 190]","[0, 20, 140, 162, 173, 190]"
4229773722,5,"[0, 14, 14, 144, 144, 163, 163, 177, 177, 193]","[0, 14, 144, 163, 177, 193]"
4229773746,5,"[0, 19, 19, 144, 144, 163, 163, 174, 174, 191]","[0, 19, 144, 163, 174, 191]"
