WAFER_ID,sae_features_0,sae_features_1,sae_features_2,sae_features_3,sae_features_4,sae_features_5,sae_features_6,sae_features_7,sae_features_8,sae_features_9,sae_features_10,sae_features_11,sae_features_12,sae_features_13,sae_features_14
-4230160598,0.0,0.0,7.0463614,0.0,0.0,32.141533,72.601974,53.991074,0.0,0.0,0.0,130.46408,47.971695,0.0,0.0
-4230160428,0.0,0.0,0.0,0.0,0.0,47.69543,10.39478,8.881792,0.0,0.0,0.0,58.778847,41.07631,0.0,0.0
-4230160424,0.0,0.0,0.0,0.0,0.0,55.88081,3.658041,0.0,0.0,0.0,0.0,48.82458,44.38357,0.0,0.0
-4230160408,0.0,0.0,0.0,0.0,0.0,54.175205,5.088481,0.0,0.0,0.0,0.0,50.713856,43.42879,0.0,0.0
-4228160702,0.0,0.0,6.1568985,0.0,0.0,31.508514,67.49269,50.525757,0.0,0.0,0.0,123.32222,45.437897,0.0,0.0
-4228160690,0.0,0.0,10.3075075,0.0,0.0,27.654846,78.83651,57.107075,0.0,0.0,0.0,131.19498,44.12473,0.0,0.0
-4228160686,0.0,0.0,8.810123,0.0,0.0,32.91044,76.14732,57.019577,0.0,0.0,0.0,137.16765,50.09252,0.0,0.0
-4228160682,0.0,0.0,6.3601346,0.0,0.0,31.757868,69.09871,51.468826,0.0,0.0,0.0,125.162,46.048176,0.0,0.0
-4228160678,0.0,0.0,7.99098,0.0,0.0,30.122328,72.542076,53.77307,0.0,0.0,0.0,127.71168,45.343857,0.0,0.0
-4228160670,0.0,0.0,8.869928,0.0,0.0,32.80762,78.16048,58.148792,0.0,0.0,0.0,139.09927,50.63451,0.0,0.0
-4228160662,0.0,0.0,8.739082,0.0,0.0,32.26495,78.23039,57.928886,0.0,0.0,0.0,137.92143,49.93437,0.0,0.0
-4228160658,0.0,0.0,10.114798,0.0,0.0,27.320276,76.86257,55.85725,0.0,0.0,0.0,128.90755,43.75724,0.0,0.0
-4228160642,0.0,0.0,8.535502,0.0,0.0,33.835636,76.01819,57.129025,0.0,0.0,0.0,138.42003,51.123077,0.0,0.0
-4228160604,0.0,0.0,6.725799,0.0,0.0,28.019032,65.85669,48.950253,0.0,0.0,0.0,116.2816,40.932266,0.0,0.0
-4228160600,0.0,0.0,9.987348,0.0,0.0,26.89648,77.80192,56.18448,0.0,0.0,0.0,128.84734,42.900623,0.0,0.0
-4228160596,0.0,0.0,10.381156,0.0,0.0,27.491835,79.21521,57.551712,0.0,0.0,0.0,131.81195,43.827393,0.0,0.0
-4228160580,0.0,0.0,11.662274,0.0,0.0,27.425604,82.96969,59.62383,0.0,0.0,0.0,135.62357,44.565422,0.0,0.0
-4226160424,0.0,0.0,11.653146,0.0,0.0,26.90182,79.36128,57.654186,0.0,0.0,0.0,132.20354,44.56979,0.0,0.0
-4226160416,0.0,0.0,11.257954,0.0,0.0,25.606583,80.43614,57.78469,0.0,0.0,0.0,130.24983,42.14126,0.0,0.0
-4226160396,0.0,0.0,11.08434,0.0,0.0,27.853525,82.179306,59.44137,0.0,0.0,0.0,135.5988,45.018852,0.0,0.0
-4224160694,0.0,0.0,13.273258,0.0,0.0,25.422045,83.03448,59.927338,0.0,0.0,0.0,134.8879,44.158417,0.0,0.0
-4224160690,0.0,0.0,13.017922,0.0,0.0,25.165335,81.05957,58.523937,0.0,0.0,0.0,132.02869,43.288166,0.0,0.0
-4224160662,0.0,0.0,9.601253,0.0,0.0,29.697317,76.56436,56.815357,0.0,0.0,0.0,133.98172,47.429035,0.0,0.0
-4224160654,0.0,0.0,9.621221,0.0,0.0,26.994677,76.47282,55.310326,0.0,0.0,0.0,127.240295,42.484997,0.0,0.0
-4224160650,0.0,0.0,12.180444,0.0,0.0,26.157766,81.036476,58.570168,0.0,0.0,0.0,133.63777,44.69589,0.0,0.0
-4224160646,0.0,0.0,10.117902,0.0,0.0,27.510654,73.61553,53.972237,0.0,0.0,0.0,125.850876,43.5227,0.0,0.0
-4224160600,0.0,0.0,14.034115,0.0,0.0,24.382317,86.11684,62.29987,0.0,0.0,0.0,138.3929,44.466602,0.0,0.0
-4222160448,0.0,0.0,0.0,0.0,0.0,47.081657,4.758181,0.0,0.0,0.0,0.0,39.531395,34.480743,0.0,0.0
-4222160428,0.0,0.0,12.158555,0.0,0.0,23.62695,80.34621,57.67022,0.0,0.0,0.0,128.04355,40.482647,0.0,0.0
-4222160420,0.0,0.0,11.752517,0.0,0.0,22.881346,78.56324,56.665142,0.0,0.0,0.0,125.20747,39.207294,0.0,0.0
-4222160392,0.0,0.0,12.411871,0.0,0.0,23.482864,81.07375,58.120956,0.0,0.0,0.0,128.77296,40.59877,0.0,0.0
-4220160702,0.0,0.0,0.0,0.0,0.0,47.680145,7.36021,3.7559798,0.0,0.0,0.0,49.592327,38.12743,0.0,0.0
-4220160694,0.0,0.0,0.0,0.0,0.0,56.302895,3.448999,0.0,0.0,0.0,0.0,47.641438,44.20472,0.0,0.0
-4220160674,0.0,0.0,11.100617,0.0,0.0,24.04462,77.31107,55.802345,0.0,0.0,0.0,125.02176,40.338577,0.0,0.0
-4220160650,0.0,0.0,3.5571263,0.0,0.0,31.058805,61.245316,46.68785,0.0,0.0,0.0,115.42249,43.752945,0.0,0.0
-4220160646,0.0,0.0,0.0,0.0,0.0,44.95851,17.424105,15.300428,0.0,0.0,0.0,68.66945,41.768906,0.0,0.0
-4220160604,0.0,0.0,0.0,0.0,0.0,46.765976,5.288103,0.0,0.0,0.0,0.0,41.126934,34.67186,0.0,0.0
-4216160702,0.0,0.0,10.785727,0.0,0.0,24.184765,75.19039,54.31496,0.0,0.0,0.0,122.40167,39.70416,0.0,0.0
-4216160694,0.0,0.0,10.972908,0.0,0.0,24.0685,75.825066,54.721237,0.0,0.0,0.0,123.10541,39.8656,0.0,0.0
-4216160670,0.0,0.0,10.072668,0.0,0.0,28.156357,76.90565,56.03598,0.0,0.0,0.0,130.29372,44.864582,0.0,0.0
-4216160666,0.0,0.0,9.897477,0.0,0.0,27.270895,75.415085,54.89739,0.0,0.0,0.0,127.056175,43.37313,0.0,0.0
-4216160662,0.0,0.0,9.503143,0.0,0.0,28.088211,74.536575,54.5488,0.0,0.0,0.0,127.14617,43.9178,0.0,0.0
-4216160658,0.0,0.0,13.000189,0.0,0.0,25.243711,82.457245,59.373432,0.0,0.0,0.0,133.4343,43.15095,0.0,0.0
-4216160650,0.0,0.0,11.995441,0.0,0.0,24.935062,78.95613,57.152283,0.0,0.0,0.0,128.9224,41.974476,0.0,0.0
-4216160642,0.0,0.0,9.956803,0.0,0.0,24.110397,72.1858,52.348736,0.0,0.0,0.0,118.65112,38.847443,0.0,0.0
-4216160640,0.0,0.0,0.0,0.0,0.0,48.570347,12.5360365,10.029842,0.0,0.0,0.0,61.930904,42.24163,0.0,0.0
-4216160624,0.0,0.0,10.859303,0.0,0.0,26.60989,76.682526,55.773426,0.0,0.0,0.0,128.1829,42.944366,0.0,0.0
-4210160444,0.0,0.0,0.0,0.0,0.0,55.606953,3.6028333,0.0,0.0,0.0,0.0,45.95366,43.15521,0.0,0.0
-4208160362,0.0,0.0,0.0,0.0,0.0,58.023098,3.6692953,0.0,0.0,0.0,0.0,45.730618,44.745983,0.0,0.0
-4141512120,0.0,0.0,0.0,0.0,0.0,56.724014,2.2129617,0.0,0.0,0.0,0.0,45.75223,44.20588,0.0,0.0
-4141512096,0.0,0.0,0.0,0.0,0.0,41.477863,23.235529,19.354265,0.0,0.0,0.0,73.43178,40.819218,0.0,0.0
-4141512072,0.0,0.0,0.0,0.0,0.0,42.998497,17.52892,14.846504,0.0,0.0,0.0,66.2416,40.147015,0.0,0.0
-4139512004,0.0,0.0,0.0,0.0,0.0,40.613964,21.293354,18.361687,0.0,0.0,0.0,70.63135,39.769684,0.0,0.0
-4139511866,0.0,0.0,0.0,0.0,0.0,41.918396,22.659958,18.474297,0.0,0.0,0.0,72.12469,40.760624,0.0,0.0
-4139511854,0.0,0.0,0.0,0.0,0.0,41.98117,20.044966,16.89745,0.0,0.0,0.0,69.31453,40.335487,0.0,0.0
-4139511850,0.0,0.0,0.0,0.0,0.0,40.783016,21.79551,18.738653,0.0,0.0,0.0,71.78694,40.269794,0.0,0.0
-4139511842,0.0,0.0,0.0,0.0,0.0,40.657562,23.8717,20.425697,0.0,0.0,0.0,74.97749,40.877064,0.0,0.0
-4139511826,0.0,0.0,0.0,0.0,0.0,38.23216,27.924784,23.991343,0.0,0.0,0.0,79.44984,40.523174,0.0,0.0
-4113511826,0.0,0.0,12.131808,0.0,0.0,27.379845,80.15913,58.20742,0.0,0.0,0.0,133.89513,45.173176,0.0,0.0
-4113511818,0.0,0.0,13.352273,0.0,0.0,25.463013,82.427284,59.216873,0.0,0.0,0.0,133.84174,44.06566,0.0,0.0
-4113511814,0.0,0.0,10.556837,0.0,0.0,26.38205,74.541084,54.344234,0.0,0.0,0.0,125.4379,42.672382,0.0,0.0
-4113511808,0.0,0.0,13.7414665,0.0,0.0,22.970331,83.184814,59.49225,0.0,0.0,0.0,131.38252,41.229187,0.0,0.0
-4113511796,0.0,0.0,12.092945,0.0,0.0,24.785036,77.249825,55.871822,0.0,0.0,0.0,126.536896,41.7284,0.0,0.0
-4113511792,0.0,0.0,13.985575,0.0,0.0,24.14135,84.45377,60.65495,0.0,0.0,0.0,134.93889,42.982525,0.0,0.0
-4113511780,0.0,0.0,12.9933195,0.0,0.0,25.044247,80.88041,58.152534,0.0,0.0,0.0,131.23398,43.122517,0.0,0.0
-4113511756,0.0,0.0,14.171602,0.0,0.0,22.833189,85.21905,60.643776,0.0,0.0,0.0,133.46544,41.589657,0.0,0.0
-4113511752,0.0,0.0,14.197267,0.0,0.0,23.807755,85.92347,61.232937,0.0,0.0,0.0,135.68565,42.939766,0.0,0.0
-4113511748,0.0,0.0,14.164527,0.0,0.0,22.760748,85.20621,60.745007,0.0,0.0,0.0,133.51285,41.504673,0.0,0.0
-4111512062,0.0,0.0,0.0,0.0,0.0,52.692436,5.44574,1.0257374,0.0,0.0,0.0,50.96472,42.60731,0.0,0.0
-4111512058,0.0,0.0,0.0,0.0,0.0,50.785088,7.0552907,4.0620484,0.0,0.0,0.0,53.17307,41.39868,0.0,0.0
-4111512050,0.0,0.0,0.0,0.0,0.0,56.865723,3.1576772,0.0,0.0,0.0,0.0,48.372383,44.879784,0.0,0.0
-4111511824,0.0,0.0,11.016259,0.0,0.0,28.41033,78.581345,56.687744,0.0,0.0,0.0,132.19257,45.48666,0.0,0.0
-4111511820,0.0,0.0,14.5180435,0.0,0.0,23.165392,87.094696,61.954273,0.0,0.0,0.0,136.26991,42.43092,0.0,0.0
-4111511816,0.0,0.0,0.0,0.0,0.0,52.760704,5.1190543,0.0,0.0,0.0,0.0,44.58345,40.139946,0.0,0.0
-4045511828,0.0,0.0,0.0,0.0,0.0,53.6301,3.128262,0.0,0.0,0.0,0.0,42.341076,40.794655,0.0,0.0
-4045511812,0.0,0.0,0.0,0.0,0.0,55.368565,2.3216991,0.0,0.0,0.0,0.0,41.89442,42.156586,0.0,0.0
-4043511808,0.0,0.0,0.0,0.0,0.0,51.709522,3.1401181,0.0,0.0,0.0,0.0,39.795128,38.996967,0.0,0.0
-4043511796,0.0,0.0,0.0,0.0,0.0,52.904728,2.967071,0.0,0.0,0.0,0.0,40.701393,39.961433,0.0,0.0
-4043511570,0.0,0.0,0.0,0.0,0.0,54.40863,3.1364264,0.0,0.0,0.0,0.0,43.126354,41.779457,0.0,0.0
-4041511872,0.0,0.0,0.0,0.0,0.0,65.891846,1.4498211,0.0,0.0,0.0,0.0,33.4911,46.320007,0.0,0.0
-4041511860,0.0,0.0,0.0,0.0,0.0,67.330124,1.0254095,0.0,0.0,0.0,0.0,34.23651,47.667206,0.0,0.0
-4041511852,0.0,0.0,0.0,0.0,0.0,65.6687,1.2667273,0.0,0.0,0.0,0.0,33.085854,46.356762,0.0,0.0
-4039511800,0.0,0.0,0.0,0.0,0.0,65.901215,1.3248228,0.0,0.0,0.0,0.0,33.919033,46.79526,0.0,0.0
-4039511788,0.0,0.0,0.0,0.0,0.0,65.11186,1.0636352,0.0,0.0,0.0,0.0,33.053936,45.985497,0.0,0.0
-4039511784,0.0,0.0,0.0,0.0,0.0,63.231354,1.0235168,0.0,0.0,0.0,0.0,33.172543,45.191715,0.0,0.0
-4039511574,0.0,0.0,0.0,0.0,0.0,65.77902,1.099228,0.0,0.0,0.0,0.0,33.660706,46.63514,0.0,0.0
-4039511566,0.0,0.0,0.0,0.0,0.0,65.79576,1.3264757,0.0,0.0,0.0,0.0,33.247623,46.47153,0.0,0.0
-4039511558,0.0,0.0,0.0,0.0,0.0,66.09191,1.230509,0.0,0.0,0.0,0.0,32.99422,46.534935,0.0,0.0
-4039511554,0.0,0.0,0.0,0.0,0.0,65.79246,1.1420953,0.0,0.0,0.0,0.0,33.16694,46.434296,0.0,0.0
-4037511832,0.0,0.0,0.0,0.0,0.0,55.25252,1.9184631,0.0,0.0,0.0,0.0,39.454754,41.52593,0.0,0.0
-4037511828,0.0,0.0,0.0,0.0,0.0,56.467247,1.9874858,0.0,0.0,0.0,0.0,43.344936,43.389885,0.0,0.0
-4037511816,0.0,0.0,0.0,0.0,0.0,56.95293,2.4015903,0.0,0.0,0.0,0.0,45.165096,44.436554,0.0,0.0
-4037511812,0.0,0.0,0.0,0.0,0.0,57.09397,2.7924914,0.0,0.0,0.0,0.0,45.930267,44.7336,0.0,0.0
-4033511582,0.0,0.0,0.0,0.0,0.0,53.366272,4.556004,0.0,0.0,0.0,0.0,45.531635,41.80725,0.0,0.0
-4033511524,0.0,0.0,0.0,0.0,0.0,48.662556,11.958044,8.32169,0.0,0.0,0.0,59.033264,41.52531,0.0,0.0
-4027511790,0.0,0.0,0.0,0.0,0.0,39.233597,28.408077,23.073347,0.0,0.0,0.0,78.691895,40.424686,0.0,0.0
-4027511786,0.0,0.0,0.0,0.0,0.0,38.946625,26.21036,22.357609,0.0,0.0,0.0,76.97955,40.31228,0.0,0.0
-4027511782,0.0,0.0,0.0,0.0,0.0,37.62513,30.531952,24.733587,0.0,0.0,0.0,80.415306,39.767963,0.0,0.0
-4027511762,0.0,0.0,2.3137314,0.0,0.0,29.518341,55.956776,42.737595,0.0,0.0,0.0,105.56228,39.20286,0.0,0.0
-4027511568,0.0,0.0,0.0,0.0,0.0,42.154766,24.949144,20.548117,0.0,0.0,0.0,76.23766,41.702255,0.0,0.0
-4027511564,0.0,0.0,0.0,0.0,0.0,38.38373,26.76696,21.883839,0.0,0.0,0.0,76.03978,39.264877,0.0,0.0
-4027511556,0.0,0.0,1.3209093,0.0,0.0,33.20521,55.24123,42.704906,0.0,0.0,0.0,109.50413,43.516983,0.0,0.0
-4025511554,0.0,0.0,1.5969167,0.0,0.0,29.563787,53.82212,41.62168,0.0,0.0,0.0,103.76799,39.269707,0.0,0.0
-4025511548,0.0,0.0,0.9675525,0.0,0.0,33.755527,55.640934,43.806717,0.0,0.0,0.0,112.64744,44.416557,0.0,0.0
-4025511496,0.0,0.0,6.281222,0.0,0.0,30.737188,70.81111,52.77445,0.0,0.0,0.0,126.8719,46.295235,0.0,0.0
-4023511802,0.0,0.0,5.594618,0.0,0.0,28.249687,64.89115,48.807686,0.0,0.0,0.0,116.4225,42.282326,0.0,0.0
-4023511798,0.0,0.0,0.68447936,0.0,0.0,33.969097,52.788967,41.760098,0.0,0.0,0.0,108.97992,43.977043,0.0,0.0
-4023511794,0.0,0.0,7.6115694,0.0,0.0,30.157093,74.11458,54.708218,0.0,0.0,0.0,129.53879,46.534843,0.0,0.0
-4023511746,0.0,0.0,1.6898624,0.0,0.0,33.01305,55.81054,43.769543,0.0,0.0,0.0,112.05317,44.47814,0.0,0.0
-4023511592,0.0,0.0,1.4478298,0.0,0.0,34.74581,56.828037,44.035744,0.0,0.0,0.0,113.8242,45.577435,0.0,0.0
-4021511602,0.0,0.0,4.542989,0.0,0.0,28.927475,61.541862,46.440674,0.0,0.0,0.0,112.64093,41.433968,0.0,0.0
-4019511806,0.0,0.0,5.2374353,0.0,0.0,30.993635,65.333275,49.992737,0.0,0.0,0.0,121.820915,45.516113,0.0,0.0
-4019511794,0.0,0.0,4.2590156,0.0,0.0,31.019768,61.79405,47.468185,0.0,0.0,0.0,117.120125,44.338467,0.0,0.0
-4019511774,0.0,0.0,0.0,0.0,0.0,53.386524,1.5884805,0.0,0.0,0.0,0.0,31.693193,38.12366,0.0,0.0
-4019511770,0.0,0.0,5.6630864,0.0,0.0,30.887291,66.07472,50.342297,0.0,0.0,0.0,122.54056,45.601032,0.0,0.0
-4017511504,0.0,0.0,5.530844,0.0,0.0,30.750359,65.95965,50.161247,0.0,0.0,0.0,122.11123,45.429977,0.0,0.0
-3784722864,0.0,0.0,0.0,0.0,0.0,50.897842,6.3947997,3.886905,0.0,0.0,0.0,53.239742,41.972908,0.0,0.0
-3784722786,0.0,0.0,0.0,0.0,0.0,36.65002,34.349968,28.27625,0.0,0.0,0.0,86.34943,40.711624,0.0,0.0
-3784722774,0.0,0.0,0.0,0.0,0.0,39.952747,25.76681,22.19923,0.0,0.0,0.0,77.86169,41.19139,0.0,0.0
-3784722770,0.0,0.0,0.0,0.0,0.0,46.12297,6.905748,5.2164316,0.0,0.0,0.0,50.371407,37.73021,0.0,0.0
-3784722766,0.0,0.0,0.0,0.0,0.0,40.53266,24.27245,19.8505,0.0,0.0,0.0,74.01201,40.138096,0.0,0.0
-3784722762,0.0,0.0,0.0,0.0,0.0,41.68168,18.024647,15.447493,0.0,0.0,0.0,65.89527,39.172638,0.0,0.0
-3780722694,0.0,0.0,0.0,0.0,0.0,58.878056,0.104044825,0.0,0.0,0.0,0.0,33.668095,43.101456,0.0,0.0
-2701400532,0.0,0.0,11.022508,0.0,0.0,24.118895,76.883705,55.47008,0.0,0.0,0.0,124.37215,39.97516,0.0,0.0
-2699400364,0.0,0.0,0.0,0.0,0.0,42.780262,19.177885,16.032148,0.0,0.0,0.0,68.27091,40.52006,0.0,0.0
-2579249814,0.0,0.0,11.550954,0.0,0.0,24.39817,80.13145,57.80079,0.0,0.0,0.0,129.45964,41.78866,0.0,0.0
-2579249810,0.0,0.0,0.0,0.0,0.0,52.78809,4.9230113,0.0,0.0,0.0,0.0,44.43505,40.26914,0.0,0.0
-2579249784,0.0,0.0,0.0,0.0,0.0,51.23516,5.4031568,0.0,0.0,0.0,0.0,43.522808,38.711563,0.0,0.0
-2569250038,0.0,0.0,0.0,0.0,0.0,51.471317,6.8821287,1.4692324,0.0,0.0,0.0,50.905518,41.734196,0.0,0.0
-2569250030,0.0,0.0,0.0,0.0,0.0,50.823696,7.200394,2.2778533,0.0,0.0,0.0,51.35811,41.457397,0.0,0.0
-2569249820,0.0,0.0,0.0,0.0,0.0,48.43921,9.4847765,6.1888843,0.0,0.0,0.0,54.50061,40.2127,0.0,0.0
-2569249800,0.0,0.0,0.0,0.0,0.0,50.094013,7.456305,2.6887257,0.0,0.0,0.0,51.42426,41.09223,0.0,0.0
-2567249792,0.0,0.0,0.0,0.0,0.0,49.218204,6.832569,1.5160162,0.0,0.0,0.0,48.61242,39.396755,0.0,0.0
-2567249788,0.0,0.0,0.0,0.0,0.0,48.96665,6.6811237,1.0455443,0.0,0.0,0.0,47.695324,38.896175,0.0,0.0
-2567249764,0.0,0.0,0.0,0.0,0.0,48.91585,9.6000595,6.198395,0.0,0.0,0.0,55.15522,40.85869,0.0,0.0
-2567249756,0.0,0.0,0.0,0.0,0.0,56.463116,3.0457802,0.0,0.0,0.0,0.0,45.39552,43.978188,0.0,0.0
-2567249752,0.0,0.0,0.0,0.0,0.0,54.925243,3.955668,0.0,0.0,0.0,0.0,44.803215,43.000374,0.0,0.0
-2567249744,0.0,0.0,0.0,0.0,0.0,47.59688,12.189567,8.694179,0.0,0.0,0.0,59.07889,41.32313,0.0,0.0
-2565249998,0.0,0.0,0.0,0.0,0.0,38.720142,29.745869,24.952328,0.0,0.0,0.0,82.29809,41.20617,0.0,0.0
-2565249990,0.0,0.0,0.0,0.0,0.0,38.41561,28.706831,23.074638,0.0,0.0,0.0,77.914185,39.815346,0.0,0.0
-2149929672,0.0,0.0,6.240204,0.0,0.0,27.63091,66.83895,49.86785,0.0,0.0,0.0,117.38357,41.9549,0.0,0.0
-2149929534,0.0,0.0,3.695034,0.0,0.0,31.090084,61.360756,46.603924,0.0,0.0,0.0,115.271065,43.678806,0.0,0.0
-2143929768,0.0,0.0,1.8565369,0.0,0.0,31.954298,55.43177,43.298794,0.0,0.0,0.0,109.64713,42.730007,0.0,0.0
-2143929760,0.0,0.0,0.0,0.0,0.0,32.43006,51.023403,39.800476,0.0,0.0,0.0,102.974304,40.824192,0.0,0.0
-2143929740,0.0,0.0,1.4921093,0.0,0.0,31.40607,54.67611,42.742813,0.0,0.0,0.0,108.14716,41.89248,0.0,0.0
-2143929718,0.0,0.0,2.9792795,0.0,0.0,29.134151,58.462288,44.7173,0.0,0.0,0.0,109.26796,40.217686,0.0,0.0
-2143929710,0.0,0.0,0.80165255,0.0,0.0,30.717747,51.80552,40.7268,0.0,0.0,0.0,103.661194,40.11589,0.0,0.0
-2141929700,0.0,0.0,0.0,0.0,0.0,38.24961,31.323414,25.432915,0.0,0.0,0.0,82.50613,40.934647,0.0,0.0
-2141929518,0.0,0.0,1.5166951,0.0,0.0,30.424059,54.13838,42.189827,0.0,0.0,0.0,106.12772,40.553806,0.0,0.0
-2141929514,0.0,0.0,3.3255842,0.0,0.0,29.381834,59.44789,45.368374,0.0,0.0,0.0,110.749374,40.819607,0.0,0.0
-2141929506,0.0,0.0,6.70619,0.0,0.0,31.398458,72.93865,54.181713,0.0,0.0,0.0,129.46535,46.701244,0.0,0.0
-2141929486,0.0,0.0,0.0,0.0,0.0,33.872414,51.13737,39.943962,0.0,0.0,0.0,105.0185,42.53672,0.0,0.0
-2139929788,0.0,0.0,3.458128,0.0,0.0,30.567396,59.463852,45.737167,0.0,0.0,0.0,113.41266,43.162224,0.0,0.0
-2139929772,0.0,0.0,2.8920414,0.0,0.0,31.07055,58.00718,44.84812,0.0,0.0,0.0,112.323746,43.221928,0.0,0.0
-2139929744,0.0,0.0,2.6296394,0.0,0.0,32.47661,58.302452,45.14431,0.0,0.0,0.0,114.13959,44.578068,0.0,0.0
-2139929710,0.0,0.0,3.934829,0.0,0.0,29.5444,60.289127,46.309223,0.0,0.0,0.0,113.08945,42.30363,0.0,0.0
-2137929694,0.0,0.0,6.1959205,0.0,0.0,29.833107,68.45209,51.594124,0.0,0.0,0.0,123.812775,45.363056,0.0,0.0
-2137929686,0.0,0.0,1.0692515,0.0,0.0,32.724316,52.765846,41.543755,0.0,0.0,0.0,107.12554,42.76078,0.0,0.0
-2137929682,0.0,0.0,0.13580339,0.0,0.0,34.857258,52.254894,40.93693,0.0,0.0,0.0,107.872086,44.296925,0.0,0.0
-2135929472,0.0,0.0,0.0,0.0,0.0,48.955013,8.403991,7.187134,0.0,0.0,0.0,56.79448,41.515446,0.0,0.0
-2135929468,0.0,0.0,0.0,0.0,0.0,46.500023,11.133651,9.7084675,0.0,0.0,0.0,59.21649,40.507603,0.0,0.0
-2135929452,0.0,0.0,0.0,0.0,0.0,51.86408,6.4018245,4.358832,0.0,0.0,0.0,54.57391,42.694355,0.0,0.0
-2135929440,0.0,0.0,0.0,0.0,0.0,47.866993,10.577771,9.070149,0.0,0.0,0.0,59.34492,41.31899,0.0,0.0
-2135929432,0.0,0.0,0.0,0.0,0.0,48.60962,7.2214737,6.0830946,0.0,0.0,0.0,53.89201,40.28063,0.0,0.0
-2135929424,0.0,0.0,0.0,0.0,0.0,45.607456,13.96986,11.9639015,0.0,0.0,0.0,62.254242,40.584354,0.0,0.0
-2133929500,0.0,0.0,0.0,0.0,0.0,56.20717,2.0872025,0.0,0.0,0.0,0.0,44.697945,43.51227,0.0,0.0
-2133929492,0.0,0.0,0.0,0.0,0.0,53.36523,5.900065,1.6604754,0.0,0.0,0.0,52.455616,43.295662,0.0,0.0
-2131929482,0.0,0.0,0.0,0.0,0.0,40.847992,23.205345,18.560936,0.0,0.0,0.0,71.34988,39.782673,0.0,0.0
-2131929478,0.0,0.0,0.0,0.0,0.0,44.56446,19.116613,16.01089,0.0,0.0,0.0,70.13249,42.01763,0.0,0.0
-2131929464,0.0,0.0,0.0,0.0,0.0,39.18986,27.87102,23.19066,0.0,0.0,0.0,78.65736,40.822773,0.0,0.0
-2131929448,0.0,0.0,0.0,0.0,0.0,41.21349,24.582615,20.278572,0.0,0.0,0.0,74.98649,40.940567,0.0,0.0
-2131929416,0.0,0.0,0.0,0.0,0.0,40.96796,26.308739,21.884962,0.0,0.0,0.0,77.80779,41.54687,0.0,0.0
-2129929714,0.0,0.0,0.0,0.0,0.0,41.322945,21.746565,18.503407,0.0,0.0,0.0,72.08811,40.54284,0.0,0.0
-2129929698,0.0,0.0,0.0,0.0,0.0,43.788383,16.443525,14.46967,0.0,0.0,0.0,65.59507,40.40512,0.0,0.0
-2129929504,0.0,0.0,0.0,0.0,0.0,48.97874,8.060703,6.6843944,0.0,0.0,0.0,55.59628,40.92398,0.0,0.0
-2045929446,0.0,0.0,0.0,0.0,0.0,61.50527,0.53995305,0.0,0.0,0.0,0.0,39.11285,45.73944,0.0,0.0
-2039929212,0.0,0.0,0.0,0.0,0.0,52.56853,1.8500974,0.0,0.0,0.0,0.0,34.80368,38.07133,0.0,0.0
-2033929470,0.0,0.0,0.0,0.0,0.0,54.867638,0.5265997,0.0,0.0,0.0,0.0,31.79521,39.411892,0.0,0.0
-2033929450,0.0,0.0,0.0,0.0,0.0,57.031174,0.5221192,0.0,0.0,0.0,0.0,33.068615,41.257114,0.0,0.0
-2033929434,0.0,0.0,0.0,0.0,0.0,51.435165,3.327588,0.0,0.0,0.0,0.0,36.31557,36.86141,0.0,0.0
-2033929430,0.0,0.0,0.0,0.0,0.0,55.331894,0.6270273,0.0,0.0,0.0,0.0,33.014114,40.18495,0.0,0.0
-2033929414,0.0,0.0,0.0,0.0,0.0,54.837067,1.7327684,0.0,0.0,0.0,0.0,33.80511,39.980484,0.0,0.0
-1718100544,0.0,0.0,0.0,0.0,0.0,56.078663,2.2423959,0.0,0.0,0.0,0.0,42.16601,42.87065,0.0,0.0
-1718100536,0.0,0.0,0.0,0.0,0.0,56.054253,1.9841813,0.0,0.0,0.0,0.0,42.28207,43.041077,0.0,0.0
-1716100432,0.0,0.0,0.0,0.0,0.0,53.078873,1.5485247,0.0,0.0,0.0,0.0,33.58188,38.11638,0.0,0.0
-1714100694,0.0,0.0,0.0,0.0,0.0,59.890205,0.46659106,0.0,0.0,0.0,0.0,32.88367,43.479736,0.0,0.0
-1714100690,0.0,0.0,0.0,0.0,0.0,61.065857,0.18738359,0.0,0.0,0.0,0.0,33.78337,44.21388,0.0,0.0
-1714100686,0.0,0.0,0.0,0.0,0.0,60.049072,0.14827847,0.0,0.0,0.0,0.0,33.85961,43.981026,0.0,0.0
-1714100682,0.0,0.0,0.0,0.0,0.0,56.71337,0.15600722,0.0,0.0,0.0,0.0,32.431126,40.949314,0.0,0.0
-1714100520,0.0,0.0,0.0,0.0,0.0,54.451572,0.84601784,0.0,0.0,0.0,0.0,32.076015,39.115925,0.0,0.0
-1696100360,0.0,0.0,0.0,0.0,0.0,57.468197,0.7471348,0.0,0.0,0.0,0.0,33.969856,42.32227,0.0,0.0
-1690100610,0.0,0.0,0.0,0.0,0.0,55.623608,1.3200346,0.0,0.0,0.0,0.0,32.427013,39.947147,0.0,0.0
-903170198,0.0,0.0,0.0,0.0,0.0,48.051884,6.488439,1.966685,0.0,0.0,0.0,47.000095,37.767906,0.0,0.0
-903170194,0.0,0.0,0.0,0.0,0.0,55.19756,4.4602184,0.0,0.0,0.0,0.0,49.470795,43.806858,0.0,0.0
-903170172,0.0,0.0,0.0,0.0,0.0,51.402306,5.7003245,0.0,0.0,0.0,0.0,47.833652,40.275665,0.0,0.0
-903170168,0.0,0.0,0.0,0.0,0.0,47.017365,9.67996,7.3930397,0.0,0.0,0.0,54.63473,38.87147,0.0,0.0
-903170160,0.0,0.0,0.0,0.0,0.0,50.43002,10.426884,8.156412,0.0,0.0,0.0,59.91233,43.166813,0.0,0.0
-903170156,0.0,0.0,0.0,0.0,0.0,54.22489,4.68317,0.0,0.0,0.0,0.0,49.547092,43.236095,0.0,0.0
-903170152,0.0,0.0,0.0,0.0,0.0,49.449654,8.043609,4.6664844,0.0,0.0,0.0,52.777264,40.184242,0.0,0.0
-903170148,0.0,0.0,0.0,0.0,0.0,54.68668,3.5387497,0.0,0.0,0.0,0.0,47.86734,43.13785,0.0,0.0
-903170144,0.0,0.0,0.0,0.0,0.0,53.563145,5.693279,0.98816246,0.0,0.0,0.0,51.8943,43.25788,0.0,0.0
-903170140,0.0,0.0,0.0,0.0,0.0,56.936348,2.8890285,0.0,0.0,0.0,0.0,47.33865,44.856785,0.0,0.0
-903170132,0.0,0.0,0.0,0.0,0.0,51.93646,7.011533,4.1855907,0.0,0.0,0.0,54.525635,42.894196,0.0,0.0
-899170202,0.0,0.0,7.8256993,0.0,0.0,28.001915,70.30252,52.05502,0.0,0.0,0.0,122.06853,42.812782,0.0,0.0
-899170198,0.0,0.0,12.363943,0.0,0.0,26.814117,83.40596,60.290455,0.0,0.0,0.0,137.03014,45.56082,0.0,0.0
-899170186,0.0,0.0,10.727114,0.0,0.0,28.248985,78.70812,57.28229,0.0,0.0,0.0,132.79428,45.49058,0.0,0.0
-899170156,0.0,0.0,14.179097,0.0,0.0,24.2959,86.783035,62.26669,0.0,0.0,0.0,138.01231,43.623398,0.0,0.0
-897170414,0.0,0.0,0.0,0.0,0.0,55.89386,4.2855234,0.0,0.0,0.0,0.0,46.196705,43.20028,0.0,0.0
-897170370,0.0,0.0,0.0,0.0,0.0,52.21511,6.1852913,1.0142951,0.0,0.0,0.0,50.59368,41.990673,0.0,0.0
-879170270,0.0,0.0,7.768147,0.0,0.0,27.258255,69.734116,51.124672,0.0,0.0,0.0,119.60218,41.072823,0.0,0.0
-879170254,0.0,0.0,8.614414,0.0,0.0,31.738081,76.87042,56.642708,0.0,0.0,0.0,135.01758,48.307323,0.0,0.0
-879170112,0.0,0.0,7.1679034,0.0,0.0,31.036894,69.78471,51.84719,0.0,0.0,0.0,125.23782,45.454502,0.0,0.0
-879170108,0.0,0.0,7.809762,0.0,0.0,31.877384,72.61226,54.346275,0.0,0.0,0.0,130.78868,47.768345,0.0,0.0
-879170104,0.0,0.0,8.03731,0.0,0.0,35.472633,77.49348,58.070587,0.0,0.0,0.0,141.5447,52.550884,0.0,0.0
-879170100,0.0,0.0,7.352961,0.0,0.0,29.83414,69.89789,51.91659,0.0,0.0,0.0,124.015686,44.275284,0.0,0.0
-879170096,0.0,0.0,6.9453535,0.0,0.0,31.664444,69.84938,52.139854,0.0,0.0,0.0,126.36048,46.261547,0.0,0.0
-879170092,0.0,0.0,7.834239,0.0,0.0,33.804626,73.38928,55.065536,0.0,0.0,0.0,134.51625,49.865143,0.0,0.0
-879170088,0.0,0.0,7.7086926,0.0,0.0,30.115372,71.444954,53.048336,0.0,0.0,0.0,126.427635,44.996857,0.0,0.0
-879170076,0.0,0.0,11.917914,0.0,0.0,28.323647,82.488335,59.823208,0.0,0.0,0.0,137.668,46.699627,0.0,0.0
-879170072,0.0,0.0,7.5397043,0.0,0.0,33.267746,73.23713,54.79828,0.0,0.0,0.0,133.26363,49.17282,0.0,0.0
-879170068,0.0,0.0,10.661984,0.0,0.0,27.980223,79.38717,57.925934,0.0,0.0,0.0,133.73784,45.653336,0.0,0.0
-877170366,0.0,0.0,6.4865756,0.0,0.0,32.49422,69.41031,52.179375,0.0,0.0,0.0,127.25474,47.40725,0.0,0.0
-877170350,0.0,0.0,9.4747505,0.0,0.0,27.935501,74.34001,54.305836,0.0,0.0,0.0,126.55747,43.67573,0.0,0.0
-877170338,0.0,0.0,12.241102,0.0,0.0,27.54277,80.90559,58.595108,0.0,0.0,0.0,134.56693,45.27175,0.0,0.0
-877170330,0.0,0.0,10.30278,0.0,0.0,27.896715,77.040565,56.109463,0.0,0.0,0.0,129.98633,44.476997,0.0,0.0
-877170326,0.0,0.0,10.235083,0.0,0.0,27.925447,77.11115,56.129147,0.0,0.0,0.0,130.00407,44.429752,0.0,0.0
-877170322,0.0,0.0,10.717273,0.0,0.0,28.406096,78.60891,57.329487,0.0,0.0,0.0,133.09729,45.791855,0.0,0.0
-877170272,0.0,0.0,11.033186,0.0,0.0,27.895964,79.1139,57.494675,0.0,0.0,0.0,132.84348,45.30301,0.0,0.0
-877170268,0.0,0.0,9.410265,0.0,0.0,32.71462,78.575356,58.557587,0.0,0.0,0.0,140.16658,50.67133,0.0,0.0
-877170264,0.0,0.0,9.95067,0.0,0.0,27.221542,75.53373,55.18622,0.0,0.0,0.0,127.71044,43.685654,0.0,0.0
-877170260,0.0,0.0,11.512198,0.0,0.0,29.456703,83.70954,60.811127,0.0,0.0,0.0,140.32,47.65157,0.0,0.0
-873170366,0.0,0.0,11.77948,0.0,0.0,24.946152,76.57571,55.539726,0.0,0.0,0.0,126.12324,41.811478,0.0,0.0
-873170354,0.0,0.0,10.156101,0.0,0.0,26.589418,73.60485,53.7472,0.0,0.0,0.0,124.48012,42.57926,0.0,0.0
-873170346,0.0,0.0,12.486094,0.0,0.0,26.938532,81.97157,59.316265,0.0,0.0,0.0,135.37431,45.29717,0.0,0.0
-873170338,0.0,0.0,14.311393,0.0,0.0,23.472963,86.5275,61.79426,0.0,0.0,0.0,136.41689,42.927845,0.0,0.0
-873170334,0.0,0.0,8.426042,0.0,0.0,27.335676,72.071594,52.59324,0.0,0.0,0.0,122.422935,41.654594,0.0,0.0
-873170318,0.0,0.0,11.516286,0.0,0.0,27.932854,79.663315,57.332157,0.0,0.0,0.0,132.93051,45.353394,0.0,0.0
-873170306,0.0,0.0,9.206951,0.0,0.0,26.956247,74.283844,53.76335,0.0,0.0,0.0,124.15604,41.611786,0.0,0.0
-873170272,0.0,0.0,12.901302,0.0,0.0,24.783342,80.18809,57.782772,0.0,0.0,0.0,130.15471,42.536003,0.0,0.0
-873170248,0.0,0.0,11.541892,0.0,0.0,24.816725,75.51441,54.729256,0.0,0.0,0.0,124.379715,41.25391,0.0,0.0
29494096,0.0,0.0,0.0,0.0,0.0,56.619255,1.10299,0.0,0.0,0.0,0.0,33.868084,41.564007,0.0,0.0
29494108,0.0,0.0,0.0,0.0,0.0,56.820915,1.0194159,0.0,0.0,0.0,0.0,33.633457,41.758152,0.0,0.0
29494116,0.0,0.0,0.0,0.0,0.0,56.99962,1.0579108,0.0,0.0,0.0,0.0,34.04544,41.81069,0.0,0.0
29494136,0.0,0.0,0.0,0.0,0.0,58.606846,0.72736573,0.0,0.0,0.0,0.0,34.303295,42.78051,0.0,0.0
29494154,0.0,0.0,0.0,0.0,0.0,54.00956,2.3701777,0.0,0.0,0.0,0.0,39.352158,40.33052,0.0,0.0
29494162,0.0,0.0,0.0,0.0,0.0,57.96875,0.07507832,0.0,0.0,0.0,0.0,33.926926,42.021503,0.0,0.0
29494170,0.0,0.0,0.0,0.0,0.0,56.456097,1.2072977,0.0,0.0,0.0,0.0,33.771767,41.33441,0.0,0.0
31494168,0.0,0.0,0.0,0.0,0.0,53.77093,2.3090243,0.0,0.0,0.0,0.0,38.334522,39.897472,0.0,0.0
31494350,0.0,0.0,0.0,0.0,0.0,53.62959,1.6889968,0.0,0.0,0.0,0.0,36.25865,39.456394,0.0,0.0
31494354,0.0,0.0,0.0,0.0,0.0,54.27832,2.0766072,0.0,0.0,0.0,0.0,37.102108,40.016228,0.0,0.0
31494362,0.0,0.0,0.0,0.0,0.0,53.15386,2.5585837,0.0,0.0,0.0,0.0,38.978386,39.77355,0.0,0.0
31494370,0.0,0.0,0.0,0.0,0.0,54.378456,2.0973287,0.0,0.0,0.0,0.0,37.81879,40.175568,0.0,0.0
31494374,0.0,0.0,0.0,0.0,0.0,55.00801,1.9191892,0.0,0.0,0.0,0.0,38.519524,40.92109,0.0,0.0
31494378,0.0,0.0,0.0,0.0,0.0,54.269337,2.0761895,0.0,0.0,0.0,0.0,38.031826,40.156605,0.0,0.0
33494116,0.0,0.0,0.0,0.0,0.0,55.76099,1.5267311,0.0,0.0,0.0,0.0,37.904343,41.436592,0.0,0.0
33494120,0.0,0.0,0.0,0.0,0.0,54.21005,2.2282472,0.0,0.0,0.0,0.0,38.55059,40.651947,0.0,0.0
33494136,0.0,0.0,0.0,0.0,0.0,53.786896,2.2578359,0.0,0.0,0.0,0.0,37.68118,39.91925,0.0,0.0
33494166,0.0,0.0,0.0,0.0,0.0,52.769886,2.6608,0.0,0.0,0.0,0.0,38.828255,39.44434,0.0,0.0
35494162,0.0,0.0,0.0,0.0,0.0,54.467346,2.1484575,0.0,0.0,0.0,0.0,38.204433,40.288452,0.0,0.0
35494392,0.0,0.0,0.0,0.0,0.0,55.08602,1.9765636,0.0,0.0,0.0,0.0,38.238075,40.723423,0.0,0.0
37494386,0.0,0.0,0.0,0.0,0.0,57.434986,1.0317444,0.0,0.0,0.0,0.0,34.174866,42.089336,0.0,0.0
37494408,0.0,0.0,0.0,0.0,0.0,56.14697,1.4728315,0.0,0.0,0.0,0.0,33.694965,41.0249,0.0,0.0
37494420,0.0,0.0,0.0,0.0,0.0,56.86575,1.3881525,0.0,0.0,0.0,0.0,33.405132,41.295296,0.0,0.0
37494428,0.0,0.0,0.0,0.0,0.0,56.488075,1.3418934,0.0,0.0,0.0,0.0,33.887787,41.349792,0.0,0.0
37494432,0.0,0.0,0.0,0.0,0.0,57.284184,1.4049376,0.0,0.0,0.0,0.0,33.980553,41.648514,0.0,0.0
37494444,0.0,0.0,0.0,0.0,0.0,57.692863,0.34349483,0.0,0.0,0.0,0.0,33.37859,42.484028,0.0,0.0
39494162,0.0,0.0,0.0,0.0,0.0,57.849457,1.0600542,0.0,0.0,0.0,0.0,34.220886,42.224754,0.0,0.0
39494170,0.0,0.0,0.0,0.0,0.0,58.260468,0.9533884,0.0,0.0,0.0,0.0,34.3574,42.548542,0.0,0.0
39494368,0.0,0.0,0.0,0.0,0.0,56.24208,1.7866116,0.0,0.0,0.0,0.0,33.699173,40.851578,0.0,0.0
39494376,0.0,0.0,0.0,0.0,0.0,56.214672,1.7964902,0.0,0.0,0.0,0.0,33.80385,40.91061,0.0,0.0
39494380,0.0,0.0,0.0,0.0,0.0,58.830666,1.0674878,0.0,0.0,0.0,0.0,34.43183,42.764835,0.0,0.0
39494388,0.0,0.0,0.0,0.0,0.0,57.23391,1.3906369,0.0,0.0,0.0,0.0,33.66431,41.568592,0.0,0.0
41494394,0.0,0.0,0.0,0.0,0.0,57.388336,1.3747356,0.0,0.0,0.0,0.0,33.991425,41.754745,0.0,0.0
41494428,0.0,0.0,0.0,0.0,0.0,56.279575,1.095039,0.0,0.0,0.0,0.0,34.229588,41.44869,0.0,0.0
41494452,0.0,0.0,0.0,0.0,0.0,56.214077,1.1035906,0.0,0.0,0.0,0.0,32.927673,40.81737,0.0,0.0
43494166,0.0,0.0,0.0,0.0,0.0,56.72088,0.73659486,0.0,0.0,0.0,0.0,33.815365,41.98967,0.0,0.0
43494170,0.0,0.0,0.0,0.0,0.0,58.342106,0.31656617,0.0,0.0,0.0,0.0,33.958492,42.993694,0.0,0.0
43494178,0.0,0.0,0.0,0.0,0.0,56.606083,1.6184675,0.0,0.0,0.0,0.0,33.923832,41.183594,0.0,0.0
43494194,0.0,0.0,0.0,0.0,0.0,57.06468,0.83959484,0.0,0.0,0.0,0.0,34.0418,42.136494,0.0,0.0
43494206,0.0,0.0,0.0,0.0,0.0,56.72034,1.2114497,0.0,0.0,0.0,0.0,33.926376,41.517292,0.0,0.0
43494368,0.0,0.0,0.0,0.0,0.0,56.950825,1.2398158,0.0,0.0,0.0,0.0,33.81385,41.563583,0.0,0.0
1270253716,0.0,0.0,0.0,0.0,0.0,55.573845,0.8726745,0.0,0.0,0.0,0.0,32.797764,40.476475,0.0,0.0
1270253720,0.0,0.0,0.0,0.0,0.0,57.79071,0.9080007,0.0,0.0,0.0,0.0,34.306828,42.34882,0.0,0.0
1270253728,0.0,0.0,0.0,0.0,0.0,57.51189,1.3155919,0.0,0.0,0.0,0.0,33.8312,41.710907,0.0,0.0
1272253470,0.0,0.0,0.0,0.0,0.0,58.99127,0.29302105,0.0,0.0,0.0,0.0,34.15248,42.88206,0.0,0.0
1272253486,0.0,0.0,0.0,0.0,0.0,56.160908,1.6609145,0.0,0.0,0.0,0.0,33.828156,40.869446,0.0,0.0
1276253498,0.0,0.0,0.0,0.0,0.0,59.10568,0.9981915,0.0,0.0,0.0,0.0,34.30249,42.842564,0.0,0.0
1276253502,0.0,0.0,0.0,0.0,0.0,58.503746,1.2157351,0.0,0.0,0.0,0.0,34.012314,42.408997,0.0,0.0
1276253688,0.0,0.0,0.0,0.0,0.0,59.687214,0.8423369,0.0,0.0,0.0,0.0,34.262993,43.168755,0.0,0.0
1286253654,0.0,0.0,0.0,0.0,0.0,55.399807,1.4426898,0.0,0.0,0.0,0.0,34.46512,40.055454,0.0,0.0
1286253712,0.0,0.0,0.0,0.0,0.0,56.783546,0.9925474,0.0,0.0,0.0,0.0,34.49124,41.35102,0.0,0.0
1286253720,0.0,0.0,0.0,0.0,0.0,55.09377,1.5483825,0.0,0.0,0.0,0.0,34.230297,39.779453,0.0,0.0
1286253728,0.0,0.0,0.0,0.0,0.0,56.496742,1.0908542,0.0,0.0,0.0,0.0,34.497173,40.783234,0.0,0.0
1286253732,0.0,0.0,0.0,0.0,0.0,55.594337,1.3998833,0.0,0.0,0.0,0.0,34.19038,40.1546,0.0,0.0
1286253752,0.0,0.0,0.0,0.0,0.0,54.72673,1.5754337,0.0,0.0,0.0,0.0,34.553505,39.874622,0.0,0.0
1288253454,0.0,0.0,0.0,0.0,0.0,54.965046,1.7649496,0.0,0.0,0.0,0.0,34.117634,39.702812,0.0,0.0
1288253458,0.0,0.0,0.0,0.0,0.0,56.519203,0.8954735,0.0,0.0,0.0,0.0,34.27568,40.810814,0.0,0.0
1288253462,0.0,0.0,0.0,0.0,0.0,54.253567,1.7867485,0.0,0.0,0.0,0.0,34.322395,39.23265,0.0,0.0
1288253470,0.0,0.0,0.0,0.0,0.0,54.34208,1.6932588,0.0,0.0,0.0,0.0,34.422234,39.345512,0.0,0.0
1288253474,0.0,0.0,0.0,0.0,0.0,57.951183,0.9715837,0.0,0.0,0.0,0.0,33.687332,41.71851,0.0,0.0
1288253478,0.0,0.0,0.0,0.0,0.0,56.268913,0.98086107,0.0,0.0,0.0,0.0,34.36152,40.653214,0.0,0.0
1288253482,0.0,0.0,0.0,0.0,0.0,56.820187,1.0817987,0.0,0.0,0.0,0.0,34.527534,41.341995,0.0,0.0
1288253490,0.0,0.0,0.0,0.0,0.0,55.004604,1.8347716,0.0,0.0,0.0,0.0,33.901512,39.66887,0.0,0.0
1288253494,0.0,0.0,0.0,0.0,0.0,55.091213,1.5831715,0.0,0.0,0.0,0.0,34.27494,39.793686,0.0,0.0
1288253502,0.0,0.0,0.0,0.0,0.0,54.867092,1.9222236,0.0,0.0,0.0,0.0,33.79853,39.5595,0.0,0.0
1288253648,0.0,0.0,0.0,0.0,0.0,57.194473,1.214206,0.0,0.0,0.0,0.0,34.512203,41.38271,0.0,0.0
1290253650,0.0,0.0,0.0,0.0,0.0,58.021667,0.5509304,0.0,0.0,0.0,0.0,34.140896,41.983326,0.0,0.0
1290253654,0.0,0.0,0.0,0.0,0.0,58.901134,0.9469704,0.0,0.0,0.0,0.0,34.085964,42.537952,0.0,0.0
1290253662,0.0,0.0,0.0,0.0,0.0,56.16731,1.2631701,0.0,0.0,0.0,0.0,34.221073,40.515736,0.0,0.0
1290253716,0.0,0.0,0.0,0.0,0.0,56.1559,1.7181853,0.0,0.0,0.0,0.0,33.80031,40.70792,0.0,0.0
1290253728,0.0,0.0,0.0,0.0,0.0,56.792957,1.5622071,0.0,0.0,0.0,0.0,34.333347,41.334583,0.0,0.0
1290253732,0.0,0.0,0.0,0.0,0.0,56.606007,0.9558901,0.0,0.0,0.0,0.0,33.110325,40.401737,0.0,0.0
1290253744,0.0,0.0,0.0,0.0,0.0,57.215805,0.88835764,0.0,0.0,0.0,0.0,34.228996,41.3417,0.0,0.0
1290253756,0.0,0.0,0.0,0.0,0.0,57.845657,1.2372838,0.0,0.0,0.0,0.0,33.89566,41.91694,0.0,0.0
1292253514,0.0,0.0,0.0,0.0,0.0,57.272556,0.8746841,0.0,0.0,0.0,0.0,34.42439,41.35665,0.0,0.0
1292253518,0.0,0.0,0.0,0.0,0.0,54.280796,1.7867494,0.0,0.0,0.0,0.0,34.423462,39.503597,0.0,0.0
1292253526,0.0,0.0,0.0,0.0,0.0,58.82412,0.99509716,0.0,0.0,0.0,0.0,34.08033,42.563034,0.0,0.0
1292253534,0.0,0.0,0.0,0.0,0.0,58.119663,0.9469186,0.0,0.0,0.0,0.0,34.61693,42.510895,0.0,0.0
1292253608,0.0,0.0,0.0,0.0,0.0,54.93974,1.6016299,0.0,0.0,0.0,0.0,34.408993,39.95599,0.0,0.0
1292253612,0.0,0.0,0.0,0.0,0.0,55.93499,1.3545138,0.0,0.0,0.0,0.0,34.519787,40.71815,0.0,0.0
1294253602,0.0,0.0,0.0,0.0,0.0,57.90984,1.260227,0.0,0.0,0.0,0.0,34.159584,41.738647,0.0,0.0
1294253610,0.0,0.0,0.0,0.0,0.0,57.51307,1.0953572,0.0,0.0,0.0,0.0,34.26694,41.838524,0.0,0.0
1294253796,0.0,0.0,0.0,0.0,0.0,57.93683,1.2167794,0.0,0.0,0.0,0.0,33.98811,41.998787,0.0,0.0
1294253808,0.0,0.0,0.0,0.0,0.0,56.98527,1.3560545,0.0,0.0,0.0,0.0,34.105167,41.49228,0.0,0.0
1296253506,0.0,0.0,0.0,0.0,0.0,56.246475,1.6705035,0.0,0.0,0.0,0.0,33.7531,40.68631,0.0,0.0
1296253510,0.0,0.0,0.0,0.0,0.0,58.333332,0.9508461,0.0,0.0,0.0,0.0,33.033165,41.702812,0.0,0.0
1296253518,0.0,0.0,0.0,0.0,0.0,56.607254,1.5594584,0.0,0.0,0.0,0.0,34.47455,41.35563,0.0,0.0
1296253538,0.0,0.0,0.0,0.0,0.0,58.31744,0.8377657,0.0,0.0,0.0,0.0,34.5962,42.16268,0.0,0.0
1296253550,0.0,0.0,0.0,0.0,0.0,57.94264,1.3020062,0.0,0.0,0.0,0.0,34.286125,41.85898,0.0,0.0
1296253558,0.0,0.0,0.0,0.0,0.0,57.691685,1.3526745,0.0,0.0,0.0,0.0,34.152588,41.785187,0.0,0.0
1296253608,0.0,0.0,0.0,0.0,0.0,60.11244,0.4575163,0.0,0.0,0.0,0.0,34.3505,43.469067,0.0,0.0
1300253518,0.0,0.0,0.0,0.0,0.0,55.806366,1.859775,0.0,0.0,0.0,0.0,33.79806,40.48017,0.0,0.0
1300253526,0.0,0.0,0.0,0.0,0.0,58.08829,1.0887061,0.0,0.0,0.0,0.0,34.637043,42.29444,0.0,0.0
1300253600,0.0,0.0,0.0,0.0,0.0,57.2412,1.4920533,0.0,0.0,0.0,0.0,33.784424,41.50695,0.0,0.0
1300253620,0.0,0.0,0.0,0.0,0.0,55.40406,2.0158243,0.0,0.0,0.0,0.0,33.894787,40.183907,0.0,0.0
1302253578,0.0,0.0,0.0,0.0,0.0,60.863293,0.17580909,0.0,0.0,0.0,0.0,34.568123,43.983894,0.0,0.0
1302253764,0.0,0.0,0.0,0.0,0.0,63.180805,0.49666977,0.0,0.0,0.0,0.0,34.89066,45.332195,0.0,0.0
1302253792,0.0,0.0,0.0,0.0,0.0,59.013645,0.28803232,0.0,0.0,0.0,0.0,33.71728,42.205845,0.0,0.0
1304253534,0.0,0.0,0.0,0.0,0.0,60.199677,0.0681466,0.0,0.0,0.0,0.0,34.15563,43.509792,0.0,0.0
1304253554,0.0,0.0,0.0,0.0,0.0,61.692387,0.45644036,0.0,0.0,0.0,0.0,33.856113,44.115654,0.0,0.0
1304253562,0.0,0.0,0.0,0.0,0.0,60.070076,0.09702706,0.0,0.0,0.0,0.0,33.836945,43.22112,0.0,0.0
1304253566,0.0,0.0,0.0,0.0,0.0,56.162685,0.985903,0.0,0.0,0.0,0.0,35.461105,41.277096,0.0,0.0
1304253572,0.0,0.0,0.0,0.0,0.0,59.692993,0.19708377,0.0,0.0,0.0,0.0,33.788067,42.928974,0.0,0.0
1306253578,0.0,0.0,0.0,0.0,0.0,58.48794,0.5490791,0.0,0.0,0.0,0.0,34.083927,42.185143,0.0,0.0
1306253582,0.0,0.0,0.0,0.0,0.0,57.25741,0.9807757,0.0,0.0,0.0,0.0,33.92074,41.279488,0.0,0.0
1306253590,0.0,0.0,0.0,0.0,0.0,60.80722,0.22231531,0.0,0.0,0.0,0.0,33.9244,43.735855,0.0,0.0
1306253764,0.0,0.0,0.0,0.0,0.0,56.716312,1.145181,0.0,0.0,0.0,0.0,34.07163,40.86563,0.0,0.0
1306253772,0.0,0.0,0.0,0.0,0.0,57.381756,0.8406414,0.0,0.0,0.0,0.0,34.962536,41.850544,0.0,0.0
1306253780,0.0,0.0,0.0,0.0,0.0,57.198364,1.0548408,0.0,0.0,0.0,0.0,34.807323,41.610657,0.0,0.0
1306253800,0.0,0.0,0.0,0.0,0.0,58.10564,0.6632816,0.0,0.0,0.0,0.0,34.59746,42.24715,0.0,0.0
1306253804,0.0,0.0,0.0,0.0,0.0,55.665768,1.455464,0.0,0.0,0.0,0.0,34.399796,40.467094,0.0,0.0
1308253522,0.0,0.0,0.0,0.0,0.0,60.142235,0.2062527,0.0,0.0,0.0,0.0,34.219162,43.53697,0.0,0.0
1308253526,0.0,0.0,0.0,0.0,0.0,58.57299,0.7090551,0.0,0.0,0.0,0.0,34.43917,42.463734,0.0,0.0
1308253546,0.0,0.0,0.0,0.0,0.0,57.578762,1.2516395,0.0,0.0,0.0,0.0,34.968227,41.936615,0.0,0.0
1308253550,0.0,0.0,0.0,0.0,0.0,60.403168,0.048719376,0.0,0.0,0.0,0.0,34.32905,43.665142,0.0,0.0
1308253554,0.0,0.0,0.0,0.0,0.0,56.210587,1.4511833,0.0,0.0,0.0,0.0,33.95579,40.393803,0.0,0.0
1308253576,0.0,0.0,0.0,0.0,0.0,59.674366,0.22921437,0.0,0.0,0.0,0.0,33.697674,42.854176,0.0,0.0
1308253584,0.0,0.0,0.0,0.0,0.0,57.17792,1.1680502,0.0,0.0,0.0,0.0,33.902317,40.82262,0.0,0.0
1308253592,0.0,0.0,0.0,0.0,0.0,60.277073,0.013936192,0.0,0.0,0.0,0.0,34.486534,43.648407,0.0,0.0
1308253596,0.0,0.0,0.0,0.0,0.0,60.64269,0.2699974,0.0,0.0,0.0,0.0,34.54743,43.965107,0.0,0.0
1310253570,0.0,0.0,0.0,0.0,0.0,56.65737,1.0450771,0.0,0.0,0.0,0.0,34.682426,41.306965,0.0,0.0
1310253586,0.0,0.0,0.0,0.0,0.0,58.73259,0.5701614,0.0,0.0,0.0,0.0,34.56839,42.560944,0.0,0.0
1310253816,0.0,0.0,0.0,0.0,0.0,58.924667,0.44884327,0.0,0.0,0.0,0.0,33.92698,42.222385,0.0,0.0
1310253820,0.0,0.0,0.0,0.0,0.0,59.670654,0.191481,0.0,0.0,0.0,0.0,34.262497,43.241795,0.0,0.0
1312253522,0.0,0.0,0.0,0.0,0.0,60.41342,0.08625115,0.0,0.0,0.0,0.0,34.411255,43.66387,0.0,0.0
1312253530,0.0,0.0,0.0,0.0,0.0,58.959206,0.5734815,0.0,0.0,0.0,0.0,33.96234,42.288647,0.0,0.0
1312253546,0.0,0.0,0.0,0.0,0.0,59.307487,0.34468722,0.0,0.0,0.0,0.0,34.08614,42.6171,0.0,0.0
1312253554,0.0,0.0,0.0,0.0,0.0,59.952965,0.05257768,0.0,0.0,0.0,0.0,34.456676,43.414474,0.0,0.0
1312253566,0.0,0.0,0.0,0.0,0.0,58.29508,0.47327185,0.0,0.0,0.0,0.0,33.91745,41.90402,0.0,0.0
1312253596,0.0,0.0,0.0,0.0,0.0,60.763172,0.2962741,0.0,0.0,0.0,0.0,34.576355,44.02393,0.0,0.0
1314253568,0.0,0.0,0.0,0.0,0.0,55.00085,1.9433315,0.0,0.0,0.0,0.0,33.66872,40.045746,0.0,0.0
1314253576,0.0,0.0,0.0,0.0,0.0,55.98021,1.4713905,0.0,0.0,0.0,0.0,34.128643,40.333637,0.0,0.0
1314253592,0.0,0.0,0.0,0.0,0.0,56.411922,0.9981395,0.0,0.0,0.0,0.0,34.425568,40.75101,0.0,0.0
1314253596,0.0,0.0,0.0,0.0,0.0,54.405693,1.6951922,0.0,0.0,0.0,0.0,34.302658,39.311428,0.0,0.0
1314253604,0.0,0.0,0.0,0.0,0.0,57.127033,0.9429407,0.0,0.0,0.0,0.0,34.505997,41.20337,0.0,0.0
1314253628,0.0,0.0,0.0,0.0,0.0,57.50051,0.75275934,0.0,0.0,0.0,0.0,34.447937,41.661777,0.0,0.0
1314253794,0.0,0.0,0.0,0.0,0.0,55.862698,1.9130208,0.0,0.0,0.0,0.0,33.732735,40.535427,0.0,0.0
1314253798,0.0,0.0,0.0,0.0,0.0,57.20081,0.9042633,0.0,0.0,0.0,0.0,33.9926,41.121506,0.0,0.0
1314253822,0.0,0.0,0.0,0.0,0.0,57.708637,1.217938,0.0,0.0,0.0,0.0,34.05642,41.86724,0.0,0.0
1316253792,0.0,0.0,0.0,0.0,0.0,55.27902,1.5598046,0.0,0.0,0.0,0.0,34.414417,40.13381,0.0,0.0
1316253804,0.0,0.0,0.0,0.0,0.0,53.13358,2.1349392,0.0,0.0,0.0,0.0,34.279976,38.619495,0.0,0.0
1316253826,0.0,0.0,0.0,0.0,0.0,58.192856,0.6214001,0.0,0.0,0.0,0.0,34.70217,42.220524,0.0,0.0
1316253838,0.0,0.0,0.0,0.0,0.0,58.708393,0.3022381,0.0,0.0,0.0,0.0,34.33119,42.38961,0.0,0.0
1316253846,0.0,0.0,0.0,0.0,0.0,58.814465,0.41042674,0.0,0.0,0.0,0.0,34.48893,42.534103,0.0,0.0
1316253850,0.0,0.0,0.0,0.0,0.0,58.429363,0.6055919,0.0,0.0,0.0,0.0,34.520966,42.388283,0.0,0.0
1316253858,0.0,0.0,0.0,0.0,0.0,53.99402,1.8991556,0.0,0.0,0.0,0.0,34.273674,39.081585,0.0,0.0
1316253870,0.0,0.0,0.0,0.0,0.0,59.26674,0.38256502,0.0,0.0,0.0,0.0,34.69051,42.951534,0.0,0.0
1318253584,0.0,0.0,0.0,0.0,0.0,65.66827,1.0494001,0.0,0.0,0.0,0.0,34.846386,46.5096,0.0,0.0
1318253608,0.0,0.0,0.0,0.0,0.0,63.496643,0.8720738,0.0,0.0,0.0,0.0,34.424,45.50182,0.0,0.0
1322253616,0.0,0.0,0.0,0.0,0.0,58.91501,0.46418893,0.0,0.0,0.0,0.0,34.827698,42.78867,0.0,0.0
1322253620,0.0,0.0,0.0,0.0,0.0,56.96009,1.3384674,0.0,0.0,0.0,0.0,32.67137,39.981426,0.0,0.0
1324253768,0.0,0.0,0.0,0.0,0.0,60.96837,0.62868726,0.0,0.0,0.0,0.0,33.12666,43.295654,0.0,0.0
1328253862,0.0,0.0,0.0,0.0,0.0,54.84792,1.5236894,0.0,0.0,0.0,0.0,34.40838,39.698326,0.0,0.0
1330253600,0.0,0.0,0.0,0.0,0.0,60.598564,0.15799986,0.0,0.0,0.0,0.0,34.146584,43.725845,0.0,0.0
1330253620,0.0,0.0,0.0,0.0,0.0,59.869015,0.5879761,0.0,0.0,0.0,0.0,33.16582,42.497707,0.0,0.0
1330253782,0.0,0.0,0.0,0.0,0.0,59.17092,0.3412032,0.0,0.0,0.0,0.0,34.714714,43.17977,0.0,0.0
1332253854,0.0,0.0,0.0,0.0,0.0,60.79446,0.4912082,0.0,0.0,0.0,0.0,34.141865,43.9047,0.0,0.0
1332253886,0.0,0.0,0.0,0.0,0.0,62.813023,0.77346826,0.0,0.0,0.0,0.0,33.550095,44.7247,0.0,0.0
1451738948,0.0,0.0,0.0,0.0,0.0,60.497417,0.7934898,0.0,0.0,0.0,0.0,33.130226,42.82238,0.0,0.0
1451738960,0.0,0.0,0.0,0.0,0.0,57.582134,1.208427,0.0,0.0,0.0,0.0,31.899431,39.947865,0.0,0.0
1451738976,0.0,0.0,0.0,0.0,0.0,60.32761,0.7900207,0.0,0.0,0.0,0.0,33.017296,42.60155,0.0,0.0
1451738980,0.0,0.0,0.0,0.0,0.0,63.572247,0.8999911,0.0,0.0,0.0,0.0,33.660507,45.226078,0.0,0.0
1451738988,0.0,0.0,0.0,0.0,0.0,60.01698,0.85025084,0.0,0.0,0.0,0.0,32.753,42.25239,0.0,0.0
1462254272,0.0,0.0,0.0,0.0,0.0,64.969025,1.1764872,0.0,0.0,0.0,0.0,34.49825,45.816216,0.0,0.0
1462254280,0.0,0.0,0.0,0.0,0.0,62.987453,1.1883318,0.0,0.0,0.0,0.0,33.184673,44.29641,0.0,0.0
1462254288,0.0,0.0,0.0,0.0,0.0,63.09278,1.2450222,0.0,0.0,0.0,0.0,33.192726,44.435078,0.0,0.0
1462254300,0.0,0.0,0.0,0.0,0.0,61.48166,1.30827,0.0,0.0,0.0,0.0,32.630135,42.8725,0.0,0.0
1462254316,0.0,0.0,0.0,0.0,0.0,60.570957,0.98322666,0.0,0.0,0.0,0.0,32.685562,42.55,0.0,0.0
1464254022,0.0,0.0,0.0,0.0,0.0,66.4637,1.2968042,0.0,0.0,0.0,0.0,34.328773,47.161743,0.0,0.0
1464254026,0.0,0.0,0.0,0.0,0.0,58.89295,0.808668,0.0,0.0,0.0,0.0,32.658962,41.37036,0.0,0.0
1464254140,0.0,0.0,0.0,0.0,0.0,61.766586,1.0777525,0.0,0.0,0.0,0.0,32.87804,43.484806,0.0,0.0
1471738964,0.0,0.0,6.725142,0.0,0.0,30.57596,70.84389,53.05381,0.0,0.0,0.0,126.90341,46.048588,0.0,0.0
1471738972,0.0,0.0,5.882607,0.0,0.0,30.560272,67.52595,51.510815,0.0,0.0,0.0,124.372955,45.83781,0.0,0.0
1475739234,0.0,0.0,0.0,0.0,0.0,56.16797,1.5879486,0.0,0.0,0.0,0.0,37.07742,40.871162,0.0,0.0
1475739238,0.0,0.0,0.0,0.0,0.0,58.15378,1.522885,0.0,0.0,0.0,0.0,38.213116,42.670364,0.0,0.0
1475739242,0.0,0.0,0.0,0.0,0.0,59.26916,1.0163857,0.0,0.0,0.0,0.0,37.42702,43.158733,0.0,0.0
1475739250,0.0,0.0,0.0,0.0,0.0,55.603252,2.0327253,0.0,0.0,0.0,0.0,34.406578,39.45854,0.0,0.0
1475739276,0.0,0.0,0.0,0.0,0.0,62.57909,0.08297945,0.0,0.0,0.0,0.0,38.447796,46.019592,0.0,0.0
1475739292,0.0,0.0,0.0,0.0,0.0,51.203503,2.7363658,0.0,0.0,0.0,0.0,36.499146,37.42705,0.0,0.0
1477739054,0.0,0.0,0.0,0.0,0.0,58.572987,1.2814353,0.0,0.0,0.0,0.0,37.50631,42.67178,0.0,0.0
1477739062,0.0,0.0,0.0,0.0,0.0,58.81574,1.4102272,0.0,0.0,0.0,0.0,37.206676,42.643753,0.0,0.0
1477739240,0.0,0.0,0.0,0.0,0.0,53.993114,2.7179866,0.0,0.0,0.0,0.0,36.20587,38.717842,0.0,0.0
1478254296,0.0,0.0,0.0,0.0,0.0,47.52773,13.796394,10.074179,0.0,0.0,0.0,61.48016,41.656345,0.0,0.0
1478254304,0.0,0.0,0.0,0.0,0.0,47.248062,12.058465,8.645807,0.0,0.0,0.0,58.590485,40.946262,0.0,0.0
1478254316,0.0,0.0,0.0,0.0,0.0,49.2771,8.295201,4.5462155,0.0,0.0,0.0,53.10953,40.772144,0.0,0.0
1478254324,0.0,0.0,0.0,0.0,0.0,50.275383,6.882858,0.9325032,0.0,0.0,0.0,49.49944,40.727554,0.0,0.0
1478254328,0.0,0.0,0.0,0.0,0.0,49.06532,9.330333,6.0279155,0.0,0.0,0.0,55.139397,41.153404,0.0,0.0
1479739258,0.0,0.0,0.0,0.0,0.0,58.772858,1.1821147,0.0,0.0,0.0,0.0,37.972466,43.31817,0.0,0.0
1480254034,0.0,0.0,0.0,0.0,0.0,53.207138,4.892924,0.0,0.0,0.0,0.0,46.20699,42.059925,0.0,0.0
1480254038,0.0,0.0,0.0,0.0,0.0,48.278812,8.7406,5.6031246,0.0,0.0,0.0,53.73981,40.42482,0.0,0.0
1480254058,0.0,0.0,0.0,0.0,0.0,49.76893,8.531651,5.2170296,0.0,0.0,0.0,54.204845,41.371845,0.0,0.0
1480254062,0.0,0.0,0.0,0.0,0.0,49.61112,7.679074,3.0614564,0.0,0.0,0.0,51.497307,40.712875,0.0,0.0
1480254066,0.0,0.0,0.0,0.0,0.0,51.962624,6.69648,0.9401155,0.0,0.0,0.0,50.581146,41.93633,0.0,0.0
1480254074,0.0,0.0,0.0,0.0,0.0,51.19688,5.466705,0.0,0.0,0.0,0.0,46.537617,40.7481,0.0,0.0
1480254096,0.0,0.0,0.0,0.0,0.0,51.782215,6.0630403,0.0,0.0,0.0,0.0,48.547245,41.51824,0.0,0.0
1480254108,0.0,0.0,0.0,0.0,0.0,40.82236,28.93065,23.598282,0.0,0.0,0.0,81.7662,42.674713,0.0,0.0
1481739014,0.0,0.0,0.0,0.0,0.0,60.859642,0.6039542,0.0,0.0,0.0,0.0,37.942257,44.429115,0.0,0.0
1481739022,0.0,0.0,0.0,0.0,0.0,61.635868,0.41922072,0.0,0.0,0.0,0.0,38.404266,45.19678,0.0,0.0
1481739038,0.0,0.0,0.0,0.0,0.0,61.42553,0.28798547,0.0,0.0,0.0,0.0,36.985397,44.65384,0.0,0.0
1482254086,0.0,0.0,0.0,0.0,0.0,51.80333,6.3867393,0.1287551,0.0,0.0,0.0,49.698597,41.87938,0.0,0.0
1482254276,0.0,0.0,0.0,0.0,0.0,50.333916,7.969869,3.7922058,0.0,0.0,0.0,53.0069,41.526226,0.0,0.0
1482254296,0.0,0.0,0.0,0.0,0.0,50.51149,8.19609,3.9943502,0.0,0.0,0.0,53.386543,41.601223,0.0,0.0
1482254300,0.0,0.0,0.0,0.0,0.0,48.593307,11.989822,8.144697,0.0,0.0,0.0,58.932796,41.730583,0.0,0.0
1484254312,0.0,0.0,0.0,0.0,0.0,50.41403,7.294906,2.342847,0.0,0.0,0.0,51.220833,41.15961,0.0,0.0
1484254316,0.0,0.0,0.0,0.0,0.0,50.64963,7.050253,1.7761899,0.0,0.0,0.0,50.69673,41.361263,0.0,0.0
1484254328,0.0,0.0,0.0,0.0,0.0,47.546093,10.316578,6.973462,0.0,0.0,0.0,55.04901,39.684444,0.0,0.0
1484254338,0.0,0.0,0.0,0.0,0.0,51.051025,7.1218543,1.2599862,0.0,0.0,0.0,50.17704,40.929913,0.0,0.0
1484254342,0.0,0.0,0.0,0.0,0.0,49.45317,6.268792,0.037196353,0.0,0.0,0.0,46.897583,39.142166,0.0,0.0
1484254346,0.0,0.0,0.0,0.0,0.0,49.942093,6.5057435,0.5783314,0.0,0.0,0.0,48.230377,39.90381,0.0,0.0
1484254358,0.0,0.0,0.0,0.0,0.0,43.93161,18.611032,14.607022,0.0,0.0,0.0,66.53153,40.39486,0.0,0.0
1484254366,0.0,0.0,0.0,0.0,0.0,48.54627,9.968047,6.715946,0.0,0.0,0.0,56.064133,41.121567,0.0,0.0
1484254370,0.0,0.0,0.0,0.0,0.0,49.48193,8.150583,4.0477757,0.0,0.0,0.0,52.361847,40.451603,0.0,0.0
1484254374,0.0,0.0,0.0,0.0,0.0,50.66566,6.6556177,0.6777517,0.0,0.0,0.0,49.051125,40.375706,0.0,0.0
1484254378,0.0,0.0,0.0,0.0,0.0,52.561306,5.335161,0.0,0.0,0.0,0.0,47.177647,41.88754,0.0,0.0
1484254382,0.0,0.0,0.0,0.0,0.0,48.60205,7.5143495,2.7100701,0.0,0.0,0.0,49.52522,38.971012,0.0,0.0
1486254080,0.0,0.0,0.0,0.0,0.0,48.01486,16.64501,12.2761,0.0,0.0,0.0,66.186554,43.083042,0.0,0.0
1486254092,0.0,0.0,0.0,0.0,0.0,66.03248,1.4416475,0.0,0.0,0.0,0.0,33.473923,46.657097,0.0,0.0
1486254096,0.0,0.0,0.0,0.0,0.0,66.40644,1.3584893,0.0,0.0,0.0,0.0,33.67744,46.90864,0.0,0.0
1486254314,0.0,0.0,0.0,0.0,0.0,65.8518,1.3849363,0.0,0.0,0.0,0.0,33.42349,46.54405,0.0,0.0
1486254318,0.0,0.0,0.0,0.0,0.0,66.037155,1.4842242,0.0,0.0,0.0,0.0,33.294704,46.502586,0.0,0.0
1488254304,0.0,0.0,0.0,0.0,0.0,45.594715,15.438609,11.562123,0.0,0.0,0.0,62.24615,40.305965,0.0,0.0
1488254308,0.0,0.0,0.0,0.0,0.0,47.37195,11.969035,8.534185,0.0,0.0,0.0,57.93645,40.299843,0.0,0.0
1488254338,0.0,0.0,0.0,0.0,0.0,50.01661,8.077548,4.0323634,0.0,0.0,0.0,53.031994,41.273037,0.0,0.0
1488254342,0.0,0.0,0.0,0.0,0.0,52.48435,8.181568,4.5988936,0.0,0.0,0.0,55.88153,42.89328,0.0,0.0
1488254346,0.0,0.0,0.0,0.0,0.0,49.52027,10.323893,6.8023705,0.0,0.0,0.0,57.156013,42.01222,0.0,0.0
1488254358,0.0,0.0,0.0,0.0,0.0,52.312576,6.6175046,0.57261956,0.0,0.0,0.0,50.378777,42.16181,0.0,0.0
1488254370,0.0,0.0,0.0,0.0,0.0,50.180935,9.612501,6.312324,0.0,0.0,0.0,56.706276,42.270546,0.0,0.0
1488254374,0.0,0.0,0.0,0.0,0.0,48.263226,13.368111,9.589767,0.0,0.0,0.0,61.348343,42.189457,0.0,0.0
1488254378,0.0,0.0,0.0,0.0,0.0,52.067047,7.1118913,1.4500275,0.0,0.0,0.0,51.32945,41.97037,0.0,0.0
1488254382,0.0,0.0,0.0,0.0,0.0,53.528526,4.7592716,0.0,0.0,0.0,0.0,46.32902,42.264324,0.0,0.0
1490254080,0.0,0.0,0.0,0.0,0.0,60.63472,0.8470291,0.0,0.0,0.0,0.0,32.78237,42.786392,0.0,0.0
1490254092,0.0,0.0,0.0,0.0,0.0,60.383263,0.75559455,0.0,0.0,0.0,0.0,32.99507,42.605923,0.0,0.0
1490254104,0.0,0.0,0.0,0.0,0.0,64.44695,1.0151894,0.0,0.0,0.0,0.0,33.696842,45.66652,0.0,0.0
1490254124,0.0,0.0,0.0,0.0,0.0,60.549732,0.8259424,0.0,0.0,0.0,0.0,32.867767,42.66757,0.0,0.0
1490254140,0.0,0.0,0.0,0.0,0.0,60.791363,1.031508,0.0,0.0,0.0,0.0,32.650215,42.751656,0.0,0.0
1492254346,0.0,0.0,0.0,0.0,0.0,61.519077,0.91708845,0.0,0.0,0.0,0.0,33.000904,43.424843,0.0,0.0
2110498180,0.0,0.0,0.0,0.0,0.0,56.65415,2.0809722,0.0,0.0,0.0,0.0,44.038002,43.982754,0.0,0.0
2110498228,0.0,0.0,0.0,0.0,0.0,51.484287,6.248033,0.66916424,0.0,0.0,0.0,49.677444,40.951427,0.0,0.0
2114498118,0.0,0.0,4.683032,0.0,0.0,31.002449,64.597694,48.788704,0.0,0.0,0.0,119.422104,44.908443,0.0,0.0
2655292676,0.0,0.0,0.0,0.0,0.0,59.374214,0.23301852,0.0,0.0,0.0,0.0,34.24262,43.57747,0.0,0.0
2655292684,0.0,0.0,0.0,0.0,0.0,58.138134,1.0896295,0.0,0.0,0.0,0.0,34.026886,42.39091,0.0,0.0
2657292900,0.0,0.0,0.0,0.0,0.0,58.80619,0.0,0.0,0.0,0.0,0.0,33.451973,42.730488,0.0,0.0
2657292942,0.0,0.0,0.0,0.0,0.0,58.163307,0.44739684,0.0,0.0,0.0,0.0,33.9106,42.286568,0.0,0.0
2657292950,0.0,0.0,0.0,0.0,0.0,57.33114,1.2199198,0.0,0.0,0.0,0.0,33.95663,41.642506,0.0,0.0
2663292680,0.0,0.0,0.0,0.0,0.0,54.599205,2.975854,0.0,0.0,0.0,0.0,43.538418,42.100708,0.0,0.0
2663292688,0.0,0.0,0.0,0.0,0.0,58.156643,1.3545656,0.0,0.0,0.0,0.0,40.84524,43.865414,0.0,0.0
2663292720,0.0,0.0,0.0,0.0,0.0,54.83147,2.3496547,0.0,0.0,0.0,0.0,41.01632,41.559616,0.0,0.0
2663292724,0.0,0.0,0.0,0.0,0.0,57.494892,1.7899531,0.0,0.0,0.0,0.0,42.964127,44.161724,0.0,0.0
2663292728,0.0,0.0,0.0,0.0,0.0,49.959606,4.4116693,0.0,0.0,0.0,0.0,42.3097,38.379425,0.0,0.0
2665292900,0.0,0.0,0.0,0.0,0.0,54.918118,2.997682,0.0,0.0,0.0,0.0,42.88438,42.119495,0.0,0.0
2665292916,0.0,0.0,0.0,0.0,0.0,55.452606,2.3506374,0.0,0.0,0.0,0.0,42.245945,42.441196,0.0,0.0
2665292924,0.0,0.0,0.0,0.0,0.0,58.245476,1.1020439,0.0,0.0,0.0,0.0,42.3957,44.75779,0.0,0.0
2665292986,0.0,0.0,0.0,0.0,0.0,61.400295,0.52278495,0.0,0.0,0.0,0.0,33.659687,44.012928,0.0,0.0
2667292676,0.0,0.0,0.0,0.0,0.0,60.601833,0.43707797,0.0,0.0,0.0,0.0,34.10523,43.770153,0.0,0.0
2667292680,0.0,0.0,0.0,0.0,0.0,63.373238,0.7304905,0.0,0.0,0.0,0.0,33.879166,45.162132,0.0,0.0
2667292708,0.0,0.0,0.0,0.0,0.0,63.110573,0.68865645,0.0,0.0,0.0,0.0,33.887424,45.186794,0.0,0.0
2667292716,0.0,0.0,0.0,0.0,0.0,62.294674,0.7106728,0.0,0.0,0.0,0.0,33.857544,44.575104,0.0,0.0
2667292874,0.0,0.0,0.0,0.0,0.0,58.367123,0.88843465,0.0,0.0,0.0,0.0,32.732555,41.014923,0.0,0.0
2667292894,0.0,0.0,0.0,0.0,0.0,61.32104,0.44255075,0.0,0.0,0.0,0.0,33.812836,44.043053,0.0,0.0
2703293042,0.0,0.0,13.653153,0.0,0.0,23.419226,83.67937,60.1317,0.0,0.0,0.0,132.65652,41.56423,0.0,0.0
2703293050,0.0,0.0,9.885268,0.0,0.0,27.852917,75.82576,55.244053,0.0,0.0,0.0,128.28763,44.0246,0.0,0.0
2703293054,0.0,0.0,12.875758,0.0,0.0,24.471401,80.79067,58.196598,0.0,0.0,0.0,130.33359,41.834557,0.0,0.0
2707293030,0.0,0.0,0.0,0.0,0.0,38.145332,31.160788,25.401566,0.0,0.0,0.0,82.08693,40.591152,0.0,0.0
2707293042,0.0,0.0,0.0,0.0,0.0,36.571953,32.08811,26.45791,0.0,0.0,0.0,83.21316,39.933678,0.0,0.0
2707293050,0.0,0.0,0.0,0.0,0.0,36.20026,35.261265,29.22228,0.0,0.0,0.0,88.27712,41.123096,0.0,0.0
2707293076,0.0,0.0,0.0,0.0,0.0,36.051308,44.5637,36.389885,0.0,0.0,0.0,101.19613,43.97819,0.0,0.0
2707293108,0.0,0.0,0.0,0.0,0.0,61.557613,0.44489774,0.0,0.0,0.0,0.0,38.51601,45.241577,0.0,0.0
2709292842,0.0,0.0,0.0,0.0,0.0,60.02637,0.3406129,0.0,0.0,0.0,0.0,34.897507,42.96661,0.0,0.0
2709292850,0.0,0.0,0.0,0.0,0.0,61.845802,0.23763901,0.0,0.0,0.0,0.0,37.34617,45.019424,0.0,0.0
2709292854,0.0,0.0,0.0,0.0,0.0,63.37842,0.0,0.0,0.0,0.0,0.0,38.793903,46.597862,0.0,0.0
2709292858,0.0,0.0,0.0,0.0,0.0,63.122486,0.0,0.0,0.0,0.0,0.0,38.43693,46.471764,0.0,0.0
2709292862,0.0,0.0,0.0,0.0,0.0,59.604954,1.4218279,0.0,0.0,0.0,0.0,38.628704,43.760998,0.0,0.0
2717292802,0.0,0.0,9.321588,0.0,0.0,26.714153,73.7891,53.89549,0.0,0.0,0.0,124.35515,42.161903,0.0,0.0
2717292822,0.0,0.0,7.7514973,0.0,0.0,32.921257,74.618774,55.48818,0.0,0.0,0.0,133.97983,49.027855,0.0,0.0
2717292834,0.0,0.0,9.356161,0.0,0.0,31.11975,77.90348,57.524582,0.0,0.0,0.0,136.24583,48.648674,0.0,0.0
2717292838,0.0,0.0,7.918936,0.0,0.0,34.002384,74.84481,56.155354,0.0,0.0,0.0,136.86624,50.74385,0.0,0.0
2717292858,0.0,0.0,6.5645256,0.0,0.0,31.504684,68.63617,51.25114,0.0,0.0,0.0,124.50558,45.83651,0.0,0.0
2717292862,0.0,0.0,8.298785,0.0,0.0,32.54306,76.580284,56.8621,0.0,0.0,0.0,136.32295,49.717014,0.0,0.0
2911013960,0.0,0.0,0.0,0.0,0.0,57.1536,1.4844877,0.0,0.0,0.0,0.0,37.767666,42.21535,0.0,0.0
2911013972,0.0,0.0,0.0,0.0,0.0,53.47476,2.5226684,0.0,0.0,0.0,0.0,37.087273,38.93167,0.0,0.0
2911013976,0.0,0.0,0.0,0.0,0.0,60.867195,0.5028533,0.0,0.0,0.0,0.0,37.40054,44.30539,0.0,0.0
2911013980,0.0,0.0,0.0,0.0,0.0,61.122063,0.5690928,0.0,0.0,0.0,0.0,37.739376,44.459602,0.0,0.0
2911013992,0.0,0.0,0.0,0.0,0.0,54.495728,2.3974557,0.0,0.0,0.0,0.0,37.51744,39.81591,0.0,0.0
2913014234,0.0,0.0,0.0,0.0,0.0,59.313507,0.83780503,0.0,0.0,0.0,0.0,35.945923,43.12348,0.0,0.0
2915014054,0.0,0.0,0.0,0.0,0.0,59.690464,0.879231,0.0,0.0,0.0,0.0,36.850204,43.2263,0.0,0.0
2917014230,0.0,0.0,0.0,0.0,0.0,39.207146,41.72187,34.44878,0.0,0.0,0.0,98.973595,44.494324,0.0,0.0
2917014250,0.0,0.0,0.0,0.0,0.0,57.56869,1.7015961,0.0,0.0,0.0,0.0,39.14937,43.00227,0.0,0.0
2917014266,0.0,0.0,0.0,0.0,0.0,53.713535,2.644514,0.0,0.0,0.0,0.0,36.90865,39.19265,0.0,0.0
2917014270,0.0,0.0,0.0,0.0,0.0,57.323093,1.6288106,0.0,0.0,0.0,0.0,37.766285,42.06337,0.0,0.0
2919013980,0.0,0.0,0.0,0.0,0.0,52.35664,2.455123,0.0,0.0,0.0,0.0,36.26618,37.943718,0.0,0.0
2921014246,0.0,0.0,0.0,0.0,0.0,51.15142,3.1026506,0.0,0.0,0.0,0.0,36.331234,36.840015,0.0,0.0
2921014258,0.0,0.0,0.0,0.0,0.0,53.86536,2.8236604,0.0,0.0,0.0,0.0,36.212875,38.608208,0.0,0.0
2921014270,0.0,0.0,0.0,0.0,0.0,52.259007,2.9750032,0.0,0.0,0.0,0.0,35.800327,37.36356,0.0,0.0
2939014292,0.0,0.0,0.0,0.0,0.0,61.604366,0.6927088,0.0,0.0,0.0,0.0,39.60545,45.93241,0.0,0.0
2939014300,0.0,0.0,0.0,0.0,0.0,60.55373,0.8117619,0.0,0.0,0.0,0.0,37.156017,44.285606,0.0,0.0
2941014078,0.0,0.0,0.0,0.0,0.0,62.308697,0.6693605,0.0,0.0,0.0,0.0,38.027046,45.715652,0.0,0.0
2975014144,0.0,0.0,0.0,0.0,0.0,50.278526,6.56667,0.54133993,0.0,0.0,0.0,49.010998,40.72143,0.0,0.0
2975014148,0.0,0.0,0.0,0.0,0.0,50.551144,6.025095,0.0,0.0,0.0,0.0,47.76748,40.602192,0.0,0.0
2975014152,0.0,0.0,0.0,0.0,0.0,56.577343,3.2796073,0.0,0.0,0.0,0.0,44.50186,43.909023,0.0,0.0
2975014168,0.0,0.0,0.0,0.0,0.0,56.11486,4.087301,0.0,0.0,0.0,0.0,47.772415,44.005913,0.0,0.0
2975014172,0.0,0.0,0.0,0.0,0.0,52.772045,4.9710655,0.0,0.0,0.0,0.0,46.92067,42.054153,0.0,0.0
2975014184,0.0,0.0,0.0,0.0,0.0,50.480988,7.4707184,3.1713457,0.0,0.0,0.0,52.60548,41.654083,0.0,0.0
2975014188,0.0,0.0,0.0,0.0,0.0,54.040905,2.0933623,0.0,0.0,0.0,0.0,39.741814,41.35986,0.0,0.0
2975014374,0.0,0.0,0.0,0.0,0.0,49.06829,8.205806,4.804697,0.0,0.0,0.0,53.534927,40.928112,0.0,0.0
2977014368,0.0,0.0,0.0,0.0,0.0,51.453438,4.984114,0.0,0.0,0.0,0.0,46.34426,41.11511,0.0,0.0
2977014380,0.0,0.0,0.0,0.0,0.0,51.561905,5.773802,0.0,0.0,0.0,0.0,47.98249,41.386116,0.0,0.0
2977014410,0.0,0.0,0.0,0.0,0.0,51.37902,5.4892,0.0,0.0,0.0,0.0,47.74772,41.299347,0.0,0.0
2979014144,0.0,0.0,0.0,0.0,0.0,53.77149,4.296809,0.0,0.0,0.0,0.0,46.131245,42.54651,0.0,0.0
2979014148,0.0,0.0,0.0,0.0,0.0,56.21526,3.062706,0.0,0.0,0.0,0.0,44.926323,43.829887,0.0,0.0
2979014152,0.0,0.0,0.0,0.0,0.0,55.861183,3.708476,0.0,0.0,0.0,0.0,47.197464,44.289032,0.0,0.0
2979014164,0.0,0.0,0.0,0.0,0.0,55.35753,3.7170687,0.0,0.0,0.0,0.0,44.86576,43.10755,0.0,0.0
2979014168,0.0,0.0,0.0,0.0,0.0,54.391224,3.9585547,0.0,0.0,0.0,0.0,45.31801,42.80942,0.0,0.0
2979014180,0.0,0.0,0.0,0.0,0.0,51.948536,4.833672,0.0,0.0,0.0,0.0,46.632584,41.08837,0.0,0.0
2979014184,0.0,0.0,0.0,0.0,0.0,55.56965,3.6942701,0.0,0.0,0.0,0.0,46.669144,43.610218,0.0,0.0
2979014196,0.0,0.0,0.0,0.0,0.0,52.420338,4.9196863,0.0,0.0,0.0,0.0,45.608406,41.36349,0.0,0.0
2981014384,0.0,0.0,0.0,0.0,0.0,53.98818,2.0236297,0.0,0.0,0.0,0.0,39.884636,41.453064,0.0,0.0
2981014388,0.0,0.0,0.0,0.0,0.0,54.94298,4.490166,0.0,0.0,0.0,0.0,46.56188,43.173145,0.0,0.0
2981014396,0.0,0.0,0.0,0.0,0.0,55.24656,3.5216398,0.0,0.0,0.0,0.0,43.84383,43.009365,0.0,0.0
2981014410,0.0,0.0,0.0,0.0,0.0,55.997967,3.4305692,0.0,0.0,0.0,0.0,44.266994,43.519768,0.0,0.0
2981014422,0.0,0.0,0.0,0.0,0.0,53.208805,4.6095443,0.0,0.0,0.0,0.0,46.811005,42.35609,0.0,0.0
2981014426,0.0,0.0,0.0,0.0,0.0,53.364155,4.0116487,0.0,0.0,0.0,0.0,43.944927,41.89317,0.0,0.0
2983014200,0.0,0.0,0.0,0.0,0.0,55.045097,2.9928818,0.0,0.0,0.0,0.0,43.94234,42.593735,0.0,0.0
2985014384,0.0,0.0,0.0,0.0,0.0,55.576942,3.1838293,0.0,0.0,0.0,0.0,43.98572,43.12219,0.0,0.0
2985014392,0.0,0.0,0.0,0.0,0.0,56.19145,2.9516978,0.0,0.0,0.0,0.0,44.449337,43.791573,0.0,0.0
2985014402,0.0,0.0,0.0,0.0,0.0,58.418625,1.6583635,0.0,0.0,0.0,0.0,42.966263,44.614254,0.0,0.0
2985014414,0.0,0.0,0.0,0.0,0.0,51.67639,5.7256503,0.0,0.0,0.0,0.0,48.290977,41.287754,0.0,0.0
2985014422,0.0,0.0,0.0,0.0,0.0,50.1604,6.533696,0.95822746,0.0,0.0,0.0,49.311455,40.70799,0.0,0.0
2985014426,0.0,0.0,0.0,0.0,0.0,54.239647,4.1576576,0.0,0.0,0.0,0.0,45.345924,42.65256,0.0,0.0
2985014454,0.0,0.0,0.0,0.0,0.0,53.7367,4.9084797,0.0,0.0,0.0,0.0,47.20906,42.724724,0.0,0.0
2985014462,0.0,0.0,0.0,0.0,0.0,53.164917,4.882156,0.0,0.0,0.0,0.0,47.509766,42.403793,0.0,0.0
2987014184,0.0,0.0,0.0,0.0,0.0,55.30245,2.6806378,0.0,0.0,0.0,0.0,42.194122,42.227543,0.0,0.0
2987014192,0.0,0.0,0.0,0.0,0.0,57.73487,1.732424,0.0,0.0,0.0,0.0,44.233677,44.71999,0.0,0.0
2989014348,0.0,0.0,0.0,0.0,0.0,56.82765,2.0867648,0.0,0.0,0.0,0.0,43.956192,43.937717,0.0,0.0
2999014314,0.0,0.0,0.0,0.0,0.0,47.867195,9.662657,6.5582952,0.0,0.0,0.0,55.14406,40.40805,0.0,0.0
3005014324,0.0,0.0,0.0,0.0,0.0,49.2934,7.9884877,4.1781197,0.0,0.0,0.0,52.719902,40.821674,0.0,0.0
3005014526,0.0,0.0,0.0,0.0,0.0,49.616825,6.797887,1.4993174,0.0,0.0,0.0,49.441887,40.354668,0.0,0.0
3009014470,0.0,0.0,0.0,0.0,0.0,53.90669,2.2888794,0.0,0.0,0.0,0.0,39.879997,40.377815,0.0,0.0
3009014494,0.0,0.0,0.0,0.0,0.0,57.61744,1.3455467,0.0,0.0,0.0,0.0,40.577362,43.299263,0.0,0.0
3011014228,0.0,0.0,0.0,0.0,0.0,53.17532,2.8012657,0.0,0.0,0.0,0.0,40.073254,39.672123,0.0,0.0
3011014278,0.0,0.0,0.0,0.0,0.0,54.511417,2.1946588,0.0,0.0,0.0,0.0,39.322006,40.504,0.0,0.0
3013014292,0.0,0.0,0.0,0.0,0.0,53.657516,2.2590985,0.0,0.0,0.0,0.0,39.616394,40.04699,0.0,0.0
3013014296,0.0,0.0,0.0,0.0,0.0,53.08476,2.9111357,0.0,0.0,0.0,0.0,40.25605,39.79635,0.0,0.0
3013014490,0.0,0.0,0.0,0.0,0.0,55.568527,1.921877,0.0,0.0,0.0,0.0,40.506046,41.839294,0.0,0.0
3013014506,0.0,0.0,0.0,0.0,0.0,51.702263,3.013699,0.0,0.0,0.0,0.0,39.391132,38.57501,0.0,0.0
3015014208,0.0,0.0,0.0,0.0,0.0,56.691246,1.448065,0.0,0.0,0.0,0.0,39.869038,42.54218,0.0,0.0
3015014248,0.0,0.0,0.0,0.0,0.0,58.811478,1.0611736,0.0,0.0,0.0,0.0,40.208824,44.15797,0.0,0.0
3015014252,0.0,0.0,0.0,0.0,0.0,53.440258,2.0235028,0.0,0.0,0.0,0.0,38.226067,39.61256,0.0,0.0
3015014268,0.0,0.0,0.0,0.0,0.0,58.860863,0.8082378,0.0,0.0,0.0,0.0,38.142056,43.658123,0.0,0.0
3015014294,0.0,0.0,0.0,0.0,0.0,56.70784,2.1553907,0.0,0.0,0.0,0.0,41.764946,43.06308,0.0,0.0
3015014302,0.0,0.0,0.0,0.0,0.0,60.80785,0.43367442,0.0,0.0,0.0,0.0,38.48135,45.13901,0.0,0.0
3017014276,0.0,0.0,0.0,0.0,0.0,54.98036,2.578555,0.0,0.0,0.0,0.0,40.62337,41.368786,0.0,0.0
3017014288,0.0,0.0,0.0,0.0,0.0,55.867664,1.6911529,0.0,0.0,0.0,0.0,39.846363,41.88638,0.0,0.0
3017014292,0.0,0.0,0.0,0.0,0.0,53.321095,2.3819962,0.0,0.0,0.0,0.0,39.741524,39.820305,0.0,0.0
3017014296,0.0,0.0,0.0,0.0,0.0,56.118298,1.837177,0.0,0.0,0.0,0.0,40.84557,42.45647,0.0,0.0
3017014300,0.0,0.0,0.0,0.0,0.0,56.18967,1.9319443,0.0,0.0,0.0,0.0,40.933567,42.45248,0.0,0.0
3017014470,0.0,0.0,0.0,0.0,0.0,53.61982,2.6193933,0.0,0.0,0.0,0.0,39.4235,39.798,0.0,0.0
3017014498,0.0,0.0,0.0,0.0,0.0,56.496,1.4544436,0.0,0.0,0.0,0.0,39.71226,42.29631,0.0,0.0
3017014506,0.0,0.0,0.0,0.0,0.0,57.94093,1.6599927,0.0,0.0,0.0,0.0,40.438828,43.601383,0.0,0.0
3017014514,0.0,0.0,0.0,0.0,0.0,59.474464,0.9260668,0.0,0.0,0.0,0.0,40.12523,44.66619,0.0,0.0
3017014522,0.0,0.0,0.0,0.0,0.0,52.348053,3.1503615,0.0,0.0,0.0,0.0,40.548855,39.464127,0.0,0.0
3021014274,0.0,0.0,0.0,0.0,0.0,61.412773,0.5824969,0.0,0.0,0.0,0.0,39.704742,45.819794,0.0,0.0
3021014286,0.0,0.0,0.0,0.0,0.0,58.046654,1.7007794,0.0,0.0,0.0,0.0,41.145756,43.766525,0.0,0.0
3021014306,0.0,0.0,0.0,0.0,0.0,57.696644,1.3770977,0.0,0.0,0.0,0.0,39.509506,43.138065,0.0,0.0
3021014318,0.0,0.0,0.0,0.0,0.0,57.946278,1.123228,0.0,0.0,0.0,0.0,38.53002,43.099323,0.0,0.0
3021014508,0.0,0.0,0.0,0.0,0.0,54.9754,1.6009173,0.0,0.0,0.0,0.0,36.252476,39.775074,0.0,0.0
3023014506,0.0,0.0,0.0,0.0,0.0,57.12125,1.1576613,0.0,0.0,0.0,0.0,39.36937,43.36807,0.0,0.0
3023014514,0.0,0.0,0.0,0.0,0.0,55.000008,2.6123767,0.0,0.0,0.0,0.0,41.708305,41.830723,0.0,0.0
3023014518,0.0,0.0,0.0,0.0,0.0,54.320354,2.9369025,0.0,0.0,0.0,0.0,42.378555,41.477486,0.0,0.0
3023014526,0.0,0.0,0.0,0.0,0.0,56.050278,2.061442,0.0,0.0,0.0,0.0,42.61181,43.024094,0.0,0.0
3023014536,0.0,0.0,0.0,0.0,0.0,56.335575,1.1671333,0.0,0.0,0.0,0.0,37.942627,41.93415,0.0,0.0
3023014548,0.0,0.0,0.0,0.0,0.0,56.784695,1.1137216,0.0,0.0,0.0,0.0,41.653812,43.344093,0.0,0.0
3023014552,0.0,0.0,0.0,0.0,0.0,56.68963,1.5898393,0.0,0.0,0.0,0.0,43.08468,43.608402,0.0,0.0
3025014278,0.0,0.0,0.0,0.0,0.0,56.980263,2.3822699,0.0,0.0,0.0,0.0,43.709892,43.801132,0.0,0.0
3025014282,0.0,0.0,0.0,0.0,0.0,57.416653,1.9622469,0.0,0.0,0.0,0.0,42.509457,43.71298,0.0,0.0
3025014286,0.0,0.0,0.0,0.0,0.0,56.094296,2.8120914,0.0,0.0,0.0,0.0,45.928238,43.865196,0.0,0.0
3025014294,0.0,0.0,0.0,0.0,0.0,54.37111,3.0108285,0.0,0.0,0.0,0.0,43.362553,41.748474,0.0,0.0
3025014302,0.0,0.0,0.0,0.0,0.0,55.85949,2.4600444,0.0,0.0,0.0,0.0,43.326393,42.83729,0.0,0.0
3027014502,0.0,0.0,0.0,0.0,0.0,54.8782,2.8950014,0.0,0.0,0.0,0.0,41.68326,41.565304,0.0,0.0
3027014522,0.0,0.0,0.0,0.0,0.0,55.130913,2.4783382,0.0,0.0,0.0,0.0,41.430634,41.86041,0.0,0.0
3027014528,0.0,0.0,0.0,0.0,0.0,54.931442,2.7909918,0.0,0.0,0.0,0.0,42.9879,42.01014,0.0,0.0
3027014544,0.0,0.0,0.0,0.0,0.0,55.00984,2.8810139,0.0,0.0,0.0,0.0,43.49261,42.270252,0.0,0.0
3027014564,0.0,0.0,0.0,0.0,0.0,54.30123,3.161008,0.0,0.0,0.0,0.0,42.218254,41.2768,0.0,0.0
3027014588,0.0,0.0,0.0,0.0,0.0,57.62599,1.855606,0.0,0.0,0.0,0.0,43.17376,44.245117,0.0,0.0
3029014274,0.0,0.0,0.0,0.0,0.0,56.434196,2.4655452,0.0,0.0,0.0,0.0,43.464745,43.275574,0.0,0.0
3029014330,0.0,0.0,0.0,0.0,0.0,55.647045,1.7144461,0.0,0.0,0.0,0.0,39.26008,41.646713,0.0,0.0
3029014464,0.0,0.0,0.0,0.0,0.0,53.67909,4.264902,0.0,0.0,0.0,0.0,45.68638,41.94868,0.0,0.0
3029014468,0.0,0.0,0.0,0.0,0.0,57.589767,1.6405555,0.0,0.0,0.0,0.0,41.98955,43.812954,0.0,0.0
3029014472,0.0,0.0,0.0,0.0,0.0,53.590366,2.531551,0.0,0.0,0.0,0.0,40.026726,40.08754,0.0,0.0
3029014476,0.0,0.0,0.0,0.0,0.0,55.393993,2.62679,0.0,0.0,0.0,0.0,42.147617,42.17758,0.0,0.0
3031014466,0.0,0.0,0.0,0.0,0.0,51.658245,4.6272516,0.0,0.0,0.0,0.0,45.165348,40.177162,0.0,0.0
3031014528,0.0,0.0,0.0,0.0,0.0,53.01696,2.5817742,0.0,0.0,0.0,0.0,39.654724,39.703014,0.0,0.0
3031014536,0.0,0.0,0.0,0.0,0.0,53.953568,2.633912,0.0,0.0,0.0,0.0,41.41655,40.97361,0.0,0.0
3031014540,0.0,0.0,0.0,0.0,0.0,54.743835,2.3877358,0.0,0.0,0.0,0.0,40.75624,41.15692,0.0,0.0
3031014568,0.0,0.0,0.0,0.0,0.0,49.98396,3.4044342,0.0,0.0,0.0,0.0,39.85673,37.784424,0.0,0.0
3031014580,0.0,0.0,0.0,0.0,0.0,52.564293,3.2183805,0.0,0.0,0.0,0.0,40.814705,39.817173,0.0,0.0
3031014584,0.0,0.0,0.0,0.0,0.0,56.48067,1.7903955,0.0,0.0,0.0,0.0,41.15957,42.793167,0.0,0.0
3033014286,0.0,0.0,0.0,0.0,0.0,57.919186,1.744691,0.0,0.0,0.0,0.0,42.50437,44.039787,0.0,0.0
3033014306,0.0,0.0,0.0,0.0,0.0,53.76964,2.8644452,0.0,0.0,0.0,0.0,41.677235,40.77059,0.0,0.0
3033014314,0.0,0.0,0.0,0.0,0.0,54.261097,1.668121,0.0,0.0,0.0,0.0,37.786385,40.100834,0.0,0.0
3033014326,0.0,0.0,0.0,0.0,0.0,54.27303,2.402164,0.0,0.0,0.0,0.0,40.3227,40.603725,0.0,0.0
3033014464,0.0,0.0,0.0,0.0,0.0,56.521748,1.84801,0.0,0.0,0.0,0.0,41.820007,43.047764,0.0,0.0
3035014490,0.0,0.0,0.0,0.0,0.0,54.26754,2.4383965,0.0,0.0,0.0,0.0,40.889736,40.952667,0.0,0.0
3037014298,0.0,0.0,0.0,0.0,0.0,56.11815,2.1756043,0.0,0.0,0.0,0.0,42.406193,42.71266,0.0,0.0
3037014334,0.0,0.0,0.0,0.0,0.0,55.34411,2.2568073,0.0,0.0,0.0,0.0,40.49968,41.37752,0.0,0.0
3037014480,0.0,0.0,0.0,0.0,0.0,53.184006,3.0753045,0.0,0.0,0.0,0.0,41.871227,40.23977,0.0,0.0
3037014488,0.0,0.0,0.0,0.0,0.0,55.14702,2.3128753,0.0,0.0,0.0,0.0,41.22609,41.54115,0.0,0.0
3621681198,0.0,0.0,0.0,0.0,0.0,51.843227,2.12192,0.0,0.0,0.0,0.0,32.09874,37.159386,0.0,0.0
3621681356,0.0,0.0,0.0,0.0,0.0,55.833603,1.1001999,0.0,0.0,0.0,0.0,33.252773,40.859467,0.0,0.0
3623681090,0.0,0.0,0.0,0.0,0.0,52.114323,2.374393,0.0,0.0,0.0,0.0,32.623928,37.47333,0.0,0.0
3623681102,0.0,0.0,0.0,0.0,0.0,52.623146,1.2702342,0.0,0.0,0.0,0.0,30.839699,37.238533,0.0,0.0
3623681106,0.0,0.0,0.0,0.0,0.0,52.640324,1.8945421,0.0,0.0,0.0,0.0,32.07829,37.595413,0.0,0.0
3623681110,0.0,0.0,0.0,0.0,0.0,50.755276,2.2537985,0.0,0.0,0.0,0.0,32.425777,36.505104,0.0,0.0
3623681118,0.0,0.0,0.0,0.0,0.0,50.368908,2.1794653,0.0,0.0,0.0,0.0,32.013557,35.955757,0.0,0.0
3623681122,0.0,0.0,0.0,0.0,0.0,51.2012,2.412147,0.0,0.0,0.0,0.0,32.58131,36.766815,0.0,0.0
3623681126,0.0,0.0,0.0,0.0,0.0,49.719296,2.198792,0.0,0.0,0.0,0.0,31.764658,35.425472,0.0,0.0
3623681134,0.0,0.0,0.0,0.0,0.0,51.76625,2.0989847,0.0,0.0,0.0,0.0,32.342136,37.396656,0.0,0.0
3623681184,0.0,0.0,0.0,0.0,0.0,51.70263,2.3421488,0.0,0.0,0.0,0.0,32.41552,37.068,0.0,0.0
3623681188,0.0,0.0,0.0,0.0,0.0,53.344704,2.3297029,0.0,0.0,0.0,0.0,33.91005,38.91682,0.0,0.0
3623681204,0.0,0.0,0.0,0.0,0.0,51.453003,1.8141636,0.0,0.0,0.0,0.0,31.111958,36.489613,0.0,0.0
3625681202,0.0,0.0,0.0,0.0,0.0,55.008194,1.9347295,0.0,0.0,0.0,0.0,34.014496,39.95211,0.0,0.0
3625681344,0.0,0.0,0.0,0.0,0.0,53.808662,1.8912148,0.0,0.0,0.0,0.0,32.515507,38.573605,0.0,0.0
3625681348,0.0,0.0,0.0,0.0,0.0,52.773872,2.1443324,0.0,0.0,0.0,0.0,31.949108,37.823467,0.0,0.0
3625681356,0.0,0.0,0.0,0.0,0.0,51.81476,1.9089401,0.0,0.0,0.0,0.0,31.48037,36.84673,0.0,0.0
3625681388,0.0,0.0,0.0,0.0,0.0,53.4022,1.3192252,0.0,0.0,0.0,0.0,31.833158,38.443043,0.0,0.0
3625681392,0.0,0.0,0.0,0.0,0.0,53.03262,2.1974878,0.0,0.0,0.0,0.0,33.06769,38.543,0.0,0.0
3625681404,0.0,0.0,0.0,0.0,0.0,54.138702,0.84111863,0.0,0.0,0.0,0.0,31.0525,38.368027,0.0,0.0
3627681150,0.0,0.0,0.0,0.0,0.0,57.05297,0.9727006,0.0,0.0,0.0,0.0,34.152596,41.273537,0.0,0.0
3834719080,0.0,0.0,7.395724,0.0,0.0,30.424551,71.67995,52.890797,0.0,0.0,0.0,126.75644,45.22829,0.0,0.0
3844719152,0.0,0.0,0.0,0.0,0.0,46.478138,12.661483,11.049092,0.0,0.0,0.0,61.824608,40.820198,0.0,0.0
3846719084,0.0,0.0,6.3450623,0.0,0.0,28.071081,67.04388,50.127934,0.0,0.0,0.0,118.75182,42.63127,0.0,0.0
3846719092,0.0,0.0,5.658346,0.0,0.0,25.570766,63.102837,47.688282,0.0,0.0,0.0,111.144325,38.87617,0.0,0.0
3846719100,0.0,0.0,5.4552174,0.0,0.0,25.47424,61.88278,46.620598,0.0,0.0,0.0,109.162994,38.216,0.0,0.0
4167773542,0.0,0.0,7.020559,0.0,0.0,29.758276,70.38433,53.173447,0.0,0.0,0.0,126.49568,45.741413,0.0,0.0
4167773568,0.0,0.0,0.0,0.0,0.0,52.680355,2.1800327,0.0,0.0,0.0,0.0,32.30464,37.84974,0.0,0.0
4167773572,0.0,0.0,0.0,0.0,0.0,53.019955,1.1157422,0.0,0.0,0.0,0.0,31.442976,38.022034,0.0,0.0
4167773604,0.0,0.0,0.0,0.0,0.0,53.133892,1.9852923,0.0,0.0,0.0,0.0,31.560865,37.907635,0.0,0.0
4169773318,0.0,0.0,7.3031435,0.0,0.0,29.947052,71.64413,53.963253,0.0,0.0,0.0,128.19194,46.23129,0.0,0.0
4169773334,0.0,0.0,0.0,0.0,0.0,52.625263,1.6578681,0.0,0.0,0.0,0.0,30.92991,37.407894,0.0,0.0
4171773558,0.0,0.0,0.0,0.0,0.0,50.704323,1.8706763,0.0,0.0,0.0,0.0,34.03121,36.708344,0.0,0.0
4171773580,0.0,0.0,4.9994726,0.0,0.0,30.766478,63.83107,48.766357,0.0,0.0,0.0,119.354225,44.746628,0.0,0.0
4171773584,0.0,0.0,4.5302763,0.0,0.0,30.990696,62.67373,48.142742,0.0,0.0,0.0,118.32139,44.642105,0.0,0.0
4171773596,0.0,0.0,0.0,0.0,0.0,53.615284,1.6212485,0.0,0.0,0.0,0.0,32.946724,39.010483,0.0,0.0
4171773608,0.0,0.0,4.718889,0.0,0.0,30.267012,62.622364,47.888382,0.0,0.0,0.0,117.1674,43.848457,0.0,0.0
4171773612,0.0,0.0,5.5524783,0.0,0.0,30.821836,65.667816,49.993824,0.0,0.0,0.0,121.85655,45.397903,0.0,0.0
4171773620,0.0,0.0,5.572454,0.0,0.0,30.651823,66.271935,50.215366,0.0,0.0,0.0,121.60977,44.96961,0.0,0.0
4173773318,0.0,0.0,4.1067467,0.0,0.0,30.535831,61.423676,47.041325,0.0,0.0,0.0,115.826706,43.66307,0.0,0.0
4173773326,0.0,0.0,4.458403,0.0,0.0,29.002172,61.77577,46.864243,0.0,0.0,0.0,113.77842,42.039055,0.0,0.0
4173773330,0.0,0.0,6.004682,0.0,0.0,27.243458,65.7412,49.026527,0.0,0.0,0.0,115.092926,40.91291,0.0,0.0
4173773362,0.0,0.0,4.4235787,0.0,0.0,29.554962,61.449432,46.753647,0.0,0.0,0.0,114.25907,42.541996,0.0,0.0
4173773370,0.0,0.0,4.5712686,0.0,0.0,30.396355,62.911022,47.808132,0.0,0.0,0.0,116.95523,43.724308,0.0,0.0
4175773538,0.0,0.0,0.0,0.0,0.0,54.622425,0.837093,0.0,0.0,0.0,0.0,32.493927,39.738342,0.0,0.0
4175773554,0.0,0.0,0.0,0.0,0.0,56.31089,0.42509738,0.0,0.0,0.0,0.0,31.913767,40.333153,0.0,0.0
4175773558,0.0,0.0,0.0,0.0,0.0,54.309055,1.2006649,0.0,0.0,0.0,0.0,32.206398,38.976513,0.0,0.0
4175773562,0.0,0.0,0.0,0.0,0.0,55.989414,0.8796396,0.0,0.0,0.0,0.0,32.764095,40.497154,0.0,0.0
4175773568,0.0,0.0,0.0,0.0,0.0,54.632767,1.1827278,0.0,0.0,0.0,0.0,32.3086,39.575138,0.0,0.0
4175773572,0.0,0.0,0.0,0.0,0.0,54.14441,1.4815451,0.0,0.0,0.0,0.0,33.104763,39.399136,0.0,0.0
4175773600,0.0,0.0,0.0,0.0,0.0,54.26184,1.6344836,0.0,0.0,0.0,0.0,32.87017,39.265625,0.0,0.0
4175773624,0.0,0.0,0.0,0.0,0.0,53.97782,1.175571,0.0,0.0,0.0,0.0,33.085117,39.033276,0.0,0.0
4177773326,0.0,0.0,0.0,0.0,0.0,56.67523,0.57095975,0.0,0.0,0.0,0.0,33.942787,41.59499,0.0,0.0
4177773330,0.0,0.0,0.0,0.0,0.0,54.033916,1.5019469,0.0,0.0,0.0,0.0,32.27575,38.716473,0.0,0.0
4177773350,0.0,0.0,0.0,0.0,0.0,54.84957,1.5255723,0.0,0.0,0.0,0.0,32.865463,39.585785,0.0,0.0
4177773362,0.0,0.0,0.0,0.0,0.0,53.440323,1.594634,0.0,0.0,0.0,0.0,32.404545,38.677826,0.0,0.0
4177773374,0.0,0.0,0.0,0.0,0.0,54.471577,1.5839506,0.0,0.0,0.0,0.0,32.91171,39.437496,0.0,0.0
4177773560,0.0,0.0,0.0,0.0,0.0,53.028416,1.7637297,0.0,0.0,0.0,0.0,32.40825,38.286495,0.0,0.0
4179773506,0.0,0.0,0.0,0.0,0.0,53.936283,1.6446769,0.0,0.0,0.0,0.0,32.731422,39.018223,0.0,0.0
4179773518,0.0,0.0,0.0,0.0,0.0,52.95816,1.865949,0.0,0.0,0.0,0.0,32.52305,38.286194,0.0,0.0
4179773576,0.0,0.0,0.0,0.0,0.0,57.813423,0.058627993,0.0,0.0,0.0,0.0,33.24012,42.06576,0.0,0.0
4179773580,0.0,0.0,0.0,0.0,0.0,58.264477,0.016847916,0.0,0.0,0.0,0.0,33.842567,42.44945,0.0,0.0
4179773596,0.0,0.0,0.0,0.0,0.0,52.386665,2.0505013,0.0,0.0,0.0,0.0,31.677975,37.42568,0.0,0.0
4179773604,0.0,0.0,0.0,0.0,0.0,52.898724,1.9701914,0.0,0.0,0.0,0.0,32.442097,38.05105,0.0,0.0
4179773608,0.0,0.0,0.0,0.0,0.0,56.92759,0.8212834,0.0,0.0,0.0,0.0,32.77633,40.951027,0.0,0.0
4181773318,0.0,0.0,0.0,0.0,0.0,55.273945,1.3525363,0.0,0.0,0.0,0.0,32.843258,39.88111,0.0,0.0
4181773358,0.0,0.0,6.508781,0.0,0.0,29.770235,68.80171,52.2425,0.0,0.0,0.0,124.80596,45.3763,0.0,0.0
4181773366,0.0,0.0,0.0,0.0,0.0,52.895275,2.0601344,0.0,0.0,0.0,0.0,32.550434,38.18023,0.0,0.0
4181773512,0.0,0.0,0.0,0.0,0.0,52.425625,2.175117,0.0,0.0,0.0,0.0,32.14211,37.55347,0.0,0.0
4187773526,0.0,0.0,0.0,0.0,0.0,58.225647,0.44941732,0.0,0.0,0.0,0.0,33.81313,42.47491,0.0,0.0
4187773530,0.0,0.0,0.0,0.0,0.0,55.94819,0.6142885,0.0,0.0,0.0,0.0,33.416904,40.955563,0.0,0.0
4187773534,0.0,0.0,0.0,0.0,0.0,56.43239,0.14901057,0.0,0.0,0.0,0.0,32.480804,40.709435,0.0,0.0
4189773390,0.0,0.0,0.0,0.0,0.0,59.57632,0.14002019,0.0,0.0,0.0,0.0,34.058487,43.326374,0.0,0.0
4189773398,0.0,0.0,0.0,0.0,0.0,56.43247,0.4847445,0.0,0.0,0.0,0.0,33.792397,41.415802,0.0,0.0
4189773402,0.0,0.0,0.0,0.0,0.0,54.52483,0.26741958,0.0,0.0,0.0,0.0,33.973076,39.849915,0.0,0.0
4189773414,0.0,0.0,0.0,0.0,0.0,59.194225,0.20851985,0.0,0.0,0.0,0.0,34.195908,43.39598,0.0,0.0
4189773480,0.0,0.0,0.0,0.0,0.0,55.825485,0.69142425,0.0,0.0,0.0,0.0,32.272938,40.15099,0.0,0.0
4199773454,0.0,0.0,0.0,0.0,0.0,53.732025,1.9557072,0.0,0.0,0.0,0.0,39.40267,40.195118,0.0,0.0
4199773466,0.0,0.0,0.0,0.0,0.0,51.129696,4.865728,0.0,0.0,0.0,0.0,46.230682,40.039707,0.0,0.0
4199773636,0.0,0.0,0.0,0.0,0.0,53.984802,4.8005095,0.0,0.0,0.0,0.0,49.90014,43.115776,0.0,0.0
4199773684,0.0,0.0,0.0,0.0,0.0,53.828846,4.7037196,0.15971202,0.0,0.0,0.0,50.957485,43.134987,0.0,0.0
4199773692,0.0,0.0,0.0,0.0,0.0,53.844196,4.873028,0.09499021,0.0,0.0,0.0,51.05808,43.343365,0.0,0.0
4201773390,0.0,0.0,0.0,0.0,0.0,50.060116,6.1032577,1.0742766,0.0,0.0,0.0,48.408188,39.48641,0.0,0.0
4201773406,0.0,0.0,0.0,0.0,0.0,51.722794,6.527163,3.1823306,0.0,0.0,0.0,53.029583,42.116447,0.0,0.0
4201773434,0.0,0.0,0.0,0.0,0.0,51.903385,3.3277116,0.0,0.0,0.0,0.0,41.89794,39.450806,0.0,0.0
4201773438,0.0,0.0,0.0,0.0,0.0,47.78937,7.8424993,5.577588,0.0,0.0,0.0,52.410233,38.9813,0.0,0.0
4201773444,0.0,0.0,0.0,0.0,0.0,51.771442,5.0644503,0.0,0.0,0.0,0.0,47.2677,40.574863,0.0,0.0
4203773450,0.0,0.0,0.0,0.0,0.0,55.502644,3.312543,0.0,0.0,0.0,0.0,45.508213,42.967426,0.0,0.0
4203773632,0.0,0.0,0.0,0.0,0.0,53.19965,4.2855268,0.0,0.0,0.0,0.0,45.21867,41.048138,0.0,0.0
4203773640,0.0,0.0,0.0,0.0,0.0,53.64256,5.027703,0.0,0.0,0.0,0.0,48.32875,42.250744,0.0,0.0
4203773652,0.0,0.0,0.0,0.0,0.0,56.11981,2.378181,0.0,0.0,0.0,0.0,45.49669,43.630188,0.0,0.0
4203773692,0.0,0.0,0.0,0.0,0.0,52.156433,5.8887153,0.20532314,0.0,0.0,0.0,49.359486,41.512978,0.0,0.0
4207773458,0.0,0.0,0.0,0.0,0.0,40.157166,25.479525,21.589449,0.0,0.0,0.0,77.0308,40.96906,0.0,0.0
4207773470,0.0,0.0,0.0,0.0,0.0,46.937893,17.532597,14.415842,0.0,0.0,0.0,68.87147,43.11132,0.0,0.0
4207773656,0.0,0.0,0.0,0.0,0.0,42.62182,19.47176,16.597977,0.0,0.0,0.0,68.97795,40.581356,0.0,0.0
4207773660,0.0,0.0,0.0,0.0,0.0,44.265335,19.19777,16.150166,0.0,0.0,0.0,70.13823,41.853104,0.0,0.0
4207773668,0.0,0.0,0.0,0.0,0.0,43.115334,20.191448,16.923288,0.0,0.0,0.0,70.36576,41.315987,0.0,0.0
4207773688,0.0,0.0,0.0,0.0,0.0,43.77251,19.796665,15.861989,0.0,0.0,0.0,68.80274,41.088505,0.0,0.0
4209773410,0.0,0.0,0.0,0.0,0.0,46.368683,13.169711,11.376622,0.0,0.0,0.0,62.361446,40.94216,0.0,0.0
4209773418,0.0,0.0,0.0,0.0,0.0,44.442364,17.043238,14.918105,0.0,0.0,0.0,67.42965,41.087505,0.0,0.0
4209773434,0.0,0.0,0.0,0.0,0.0,45.65615,14.562933,13.025841,0.0,0.0,0.0,64.44522,40.875732,0.0,0.0
4211773444,0.0,0.0,0.0,0.0,0.0,45.424664,18.08645,15.053263,0.0,0.0,0.0,68.6859,42.402668,0.0,0.0
4211773448,0.0,0.0,0.0,0.0,0.0,46.29869,10.657011,9.363439,0.0,0.0,0.0,58.306347,39.95505,0.0,0.0
4211773456,0.0,0.0,0.0,0.0,0.0,46.072815,13.392673,11.790373,0.0,0.0,0.0,62.970585,41.336468,0.0,0.0
4211773464,0.0,0.0,0.0,0.0,0.0,46.33379,10.527011,9.293065,0.0,0.0,0.0,58.267147,40.080353,0.0,0.0
4211773476,0.0,0.0,0.0,0.0,0.0,46.850845,8.668123,7.7224746,0.0,0.0,0.0,55.71956,39.85269,0.0,0.0
4211773670,0.0,0.0,0.0,0.0,0.0,50.0405,8.0847225,6.6863136,0.0,0.0,0.0,56.678345,41.934273,0.0,0.0
4211773694,0.0,0.0,0.0,0.0,0.0,45.613937,12.886474,11.261433,0.0,0.0,0.0,61.308926,40.190228,0.0,0.0
4213773664,0.0,0.0,0.0,0.0,0.0,52.289036,7.126283,3.8575048,0.0,0.0,0.0,54.560516,43.07328,0.0,0.0
4213773668,0.0,0.0,0.0,0.0,0.0,51.085915,6.778622,4.3584914,0.0,0.0,0.0,53.531803,41.78741,0.0,0.0
4213773698,0.0,0.0,0.0,0.0,0.0,51.85218,5.9103017,2.4275966,0.0,0.0,0.0,51.791294,41.888035,0.0,0.0
4213773710,0.0,0.0,0.0,0.0,0.0,56.680878,2.0867958,0.0,0.0,0.0,0.0,45.74716,44.26307,0.0,0.0
4213773714,0.0,0.0,0.0,0.0,0.0,51.214256,5.693334,2.5470312,0.0,0.0,0.0,51.135593,41.244167,0.0,0.0
4213773718,0.0,0.0,0.0,0.0,0.0,56.192924,3.3791227,0.0,0.0,0.0,0.0,48.765068,44.66074,0.0,0.0
4213773722,0.0,0.0,0.0,0.0,0.0,49.76533,9.373571,6.9821844,0.0,0.0,0.0,57.084713,41.709797,0.0,0.0
4213773734,0.0,0.0,0.0,0.0,0.0,57.143864,3.0954175,0.0,0.0,0.0,0.0,47.9032,45.0301,0.0,0.0
4213773738,0.0,0.0,0.0,0.0,0.0,49.74987,10.103135,8.331112,0.0,0.0,0.0,59.69106,42.747974,0.0,0.0
4213773746,0.0,0.0,0.0,0.0,0.0,50.920204,6.8445725,5.474828,0.0,0.0,0.0,55.198734,42.14979,0.0,0.0
4217773684,0.0,0.0,0.0,0.0,0.0,40.744946,26.246056,21.242779,0.0,0.0,0.0,76.47326,41.004684,0.0,0.0
4217773688,0.0,0.0,0.0,0.0,0.0,38.913616,27.548145,23.492962,0.0,0.0,0.0,79.460655,40.890835,0.0,0.0
4219773440,0.0,0.0,0.0,0.0,0.0,38.759212,27.545572,23.88203,0.0,0.0,0.0,79.9528,41.040234,0.0,0.0
4219773444,0.0,0.0,0.0,0.0,0.0,39.547047,28.319279,23.658968,0.0,0.0,0.0,80.00951,41.330685,0.0,0.0
4219773448,0.0,0.0,0.0,0.0,0.0,39.37242,26.26791,21.607225,0.0,0.0,0.0,75.59894,39.854824,0.0,0.0
4219773452,0.0,0.0,0.0,0.0,0.0,41.260677,24.714924,19.92721,0.0,0.0,0.0,74.43389,40.858166,0.0,0.0
4219773492,0.0,0.0,0.0,0.0,0.0,39.356518,28.653507,23.272598,0.0,0.0,0.0,79.21111,40.788914,0.0,0.0
4219773496,0.0,0.0,0.0,0.0,0.0,39.722267,26.702835,21.524405,0.0,0.0,0.0,76.11039,40.123005,0.0,0.0
4219773694,0.0,0.0,0.0,0.0,0.0,41.152496,23.5037,18.507242,0.0,0.0,0.0,71.73265,40.007153,0.0,0.0
4221773640,0.0,0.0,0.0,0.0,0.0,42.807747,18.483753,16.174658,0.0,0.0,0.0,68.35784,40.646057,0.0,0.0
4221773702,0.0,0.0,0.0,0.0,0.0,39.832134,24.59583,20.999615,0.0,0.0,0.0,75.20127,40.44057,0.0,0.0
4221773722,0.0,0.0,0.0,0.0,0.0,39.24798,27.474588,22.922758,0.0,0.0,0.0,78.12042,40.48652,0.0,0.0
4223773444,0.0,0.0,6.229565,0.0,0.0,28.292969,67.52677,50.208847,0.0,0.0,0.0,118.71699,42.69585,0.0,0.0
4223773448,0.0,0.0,5.0678387,0.0,0.0,30.257998,64.679306,48.888344,0.0,0.0,0.0,118.97169,44.156013,0.0,0.0
4223773452,0.0,0.0,0.0,0.0,0.0,57.578644,0.311943,0.0,0.0,0.0,0.0,34.386555,42.3008,0.0,0.0
4223773476,0.0,0.0,4.4235177,0.0,0.0,29.118877,61.03689,46.41962,0.0,0.0,0.0,112.87364,41.783867,0.0,0.0
4223773480,0.0,0.0,6.306968,0.0,0.0,28.308928,67.75092,50.93558,0.0,0.0,0.0,120.495026,43.072647,0.0,0.0
4223773484,0.0,0.0,6.6651764,0.0,0.0,27.329002,68.173096,50.67957,0.0,0.0,0.0,118.45627,41.920017,0.0,0.0
4225773644,0.0,0.0,2.6842608,0.0,0.0,29.506325,56.219704,43.42187,0.0,0.0,0.0,107.431046,40.770775,0.0,0.0
4225773652,0.0,0.0,3.7803414,0.0,0.0,29.542973,61.237904,46.26843,0.0,0.0,0.0,112.91165,42.33427,0.0,0.0
4225773702,0.0,0.0,3.892838,0.0,0.0,30.228268,60.862217,46.76546,0.0,0.0,0.0,114.964485,43.359787,0.0,0.0
4225773730,0.0,0.0,2.6646686,0.0,0.0,31.29413,58.630882,44.937695,0.0,0.0,0.0,112.36455,43.335217,0.0,0.0
4225773738,0.0,0.0,3.1835532,0.0,0.0,30.177902,58.972626,45.320892,0.0,0.0,0.0,112.09576,42.52056,0.0,0.0
4225773746,0.0,0.0,3.6573246,0.0,0.0,29.711477,60.83607,46.05895,0.0,0.0,0.0,112.75966,42.478706,0.0,0.0
4225773750,0.0,0.0,4.2239494,0.0,0.0,29.456608,62.380894,47.08173,0.0,0.0,0.0,114.476494,42.684036,0.0,0.0
4227773484,0.0,0.0,4.869366,0.0,0.0,27.783632,62.682365,47.147945,0.0,0.0,0.0,112.53629,40.8676,0.0,0.0
4227773492,0.0,0.0,3.262424,0.0,0.0,29.775166,58.438797,44.78385,0.0,0.0,0.0,110.41607,41.64068,0.0,0.0
4227773500,0.0,0.0,3.8512251,0.0,0.0,29.835608,61.43138,46.70692,0.0,0.0,0.0,114.09801,42.691727,0.0,0.0
4229773652,0.0,0.0,1.9257257,0.0,0.0,32.507236,56.882164,44.162693,0.0,0.0,0.0,112.14476,43.701237,0.0,0.0
4229773698,0.0,0.0,3.6778376,0.0,0.0,29.833115,60.035374,45.491234,0.0,0.0,0.0,111.28373,41.619946,0.0,0.0
4229773718,0.0,0.0,2.750658,0.0,0.0,30.454855,58.469135,44.786015,0.0,0.0,0.0,111.19148,42.279305,0.0,0.0
4229773722,0.0,0.0,2.716116,0.0,0.0,30.469225,56.757397,44.032265,0.0,0.0,0.0,109.96021,42.231983,0.0,0.0
4229773746,0.0,0.0,0.58645475,0.0,0.0,33.655006,53.76366,42.738495,0.0,0.0,0.0,110.47072,44.53648,0.0,0.0
